Tweet_ID,toponym,base_dist_km,optimized_dist_km
1808521437939933440,Γλυκά Νερά,0.408,0.408
1808521717377081600,Γλυκά Νερά,0.349,0.349
1808524554815361024,Γλυκά Νερά,0.326,0.326
1808532377469092096,Υμηττός,,
1808532377469092096,Γλυκά Νερά,0.408,0.408
1808544300872916992,Μηλίτσα,0.055,0.055
1808545644648206592,Νεκροταφείο Γλυκών Νερών,,
1808555022734512384,Λόφος Φιλοπάππου,0.585,0.0
1808556439440355840,Γλυκά Νερά,0.408,0.408
1808560983180521728,Αμυγδαλιά Λάρισας,0.229,0.229
1808564570899816448,Αμυγδαλιά Λάρισας,13.458,0.228
1808564570899816448,Λάρισα,0.183,4.081
1808572754922275072,Λάρισα,0.085,4.248
1808572754922275072,Αμυγδαλιά,0.058,0.058
1808575048577421824,Λάρισα,0.183,4.081
1808575557145141760,Γλυκά Νερά,0.326,0.326
1808575716046557440,Αμυγδαλιά Λάρισας,0.228,0.228
1808576808813486592,Κερνίτσα,0.125,0.125
1808576808813486592,Άνω Διακοπτό,6.595,6.479
1808582150385541632,Αμυγδαλιά Λάρισας,0.228,0.228
1808594959869882368,Νέα Ζωή Ασπροπύργου,0.077,0.141
1808599613164957952,Γλυκά Νερά,0.349,0.349
1808603946790842624,Αμυγδαλιά Λάρισας,0.228,0.228
1808610304017977856,Νέα Ζωή Ασπροπύργου,0.106,0.17
1937606544440365568,ΚΤΕΛ Κηφισού,0.152,0.152
1938571735223120384,Στεφάνη Βοιωτίας,0.047,0.047
1940440621732552704,Χαλκιδική,0.0,0.0
1940440621732552704,Βουρβουρού,0.283,0.283
1940444079655125248,Χαλκίδα,2.731,2.731
1940446143000756224,Εύβοια,0.0,0.0
1940455534458818816,Περιφερειακή Ενότητα Λασιθίου,879.542,839.932
1940463560964162048,Περιφερειακή Ενότητα Λασιθίου,40.418,0.0
1940463560964162048,Δημοτική Ενότητα Ιεράπετρας,8.565,0.0
1940467472446246912,Χαλκιδική,0.0,0.0
1940467547499122944,Χαλκιδική,0.0,0.0
1940467547499122944,Βουρβουρού,0.406,0.406
1940476969235501312,Ιεράπετρα,0.256,8.319
1940485281842409728,Χαλκιδική,0.0,0.0
1940485281842409728,Βουρβουρού,,0.283
1940485584407220480,Αχλιά Λασιθίου,0.22,0.22
1940486951943262464,Περιφερειακή Ενότητα Λασιθίου,40.418,0.0
1940486951943262464,Αγία Φωτιά,1.512,1.512
1940487636185239808,Αχλιά Ιεράπετρας,0.22,0.22
1940487636185239808,Φέρμα Ιεράπετρας,0.54,0.54
1940490715630629120,Ιεράπετρα,0.28,8.29
1940492437757350144,Δημοτική Ενότητα Ιεράπετρας,8.565,0.0
1940496484375712256,Ιεράπετρα,0.28,8.29
1940498172675314176,Ιεράπετρα,0.28,8.29
1940498172675314176,Χαλκιδική,0.0,0.0
1940498172675314176,Κύθηρα,0.812,11.301
1940501021337481728,Περιφερειακή Ενότητα Λασιθίου,40.418,0.0
1940501398858219776,Περιφερειακή Ενότητα Λασιθίου,40.418,0.0
1940504523027747072,Αχλιά,459.697,0.28
1940504523027747072,Ιεράπετρα,0.265,8.306
1940504523027747072,Φέρμα,0.547,0.547
1940507398361567744,Ιεράπετρα,0.28,8.29
1940508570698887168,Δημοτική Ενότητα Ιεράπετρας,8.565,0.0
1940515268251602944,Αχλιά Λασιθίου,0.22,0.22
1940528636932805120,Φέρμα Ιεράπετρας,0.54,0.54
1940528636932805120,Κρήτη,0.0,0.0
1940551486699983104,Περιφερειακή Ενότητα Λασιθίου,40.418,0.0
1940556961453613056,Δημοτική Ενότητα Ιεράπετρας,8.565,0.0
1944188308168274432,Σχηματάρι Βοιωτίας,,
1944784508554744064,Προφήτης Ηλίας,,
1945155108179771648,Σκαλοχώρι Λέσβου,0.159,0.159
1946289449085600000,Χαλάνδρι,0.455,0.455
1946303505502798080,Πυλαία Θεσσαλονίκης,,
1946349099009159680,Ζεφύρι,0.127,0.127
1946911402033098752,Νεοχωράκι Βοιωτίας,0.053,0.053
1947039271275073536,Δελφοί Φωκίδας,,
1948067850603880704,Θεσσαλονίκη,0.578,0.578
1948070154082107904,Λάρισα,0.228,223.57
1948070154082107904,Αμούρι Ελασσόνας,0.114,
1948075362765754624,Αλιβέρι,0.143,0.143
1948075475139518464,Σπηλιά,,
1948075475139518464,Πτολεμαΐδα,11.8,11.8
1948077026436669696,Λεμεσός,,1.799
1948077026436669696,Πάφος,,
1948077026436669696,Βάσα Κοιλανίου,,
1948077026436669696,Αγία Βαρβάρα Πάφου,,
1948077026436669696,Νατά,,0.453
1948077026436669696,Επισκοπή Πάφου,,
1948078944311288320,Σιλίκου,0.04,0.04
1948078944311288320,Λόφου,,
1948085064723468288,Σούνι-Ζανατζιά,0.41,0.41
1948085064723468288,Άγιος Θεράπων,,
1948091949438693376,Πάφος,0.293,0.293
1948091949438693376,Λεμεσός,1.051,1.816
1948093299702604032,Φενεός Κορινθίας,,
1948096168061456896,Φενεός Κορινθίας,,
1948097950954979840,Περιφερειακή Ενότητα Κορινθίας,0.0,0.0
1948104119182356992,Περιφερειακή Ενότητα Κορινθίας,0.0,0.0
1948104119182356992,Φενεός,,
1948110433073656064,Πάνω Πλάτρες,0.08,0.08
1948110433073656064,Λεμεσός,,1.645
1948110433073656064,Βάσα Κοιλανίου,0.097,0.097
1948115383396733440,Λεμεσός,,1.645
1948123845228912896,Ελληνοχώρι,0.364,0.364
1948127064067879168,Περιφερειακή Ενότητα Κορινθίας,0.0,0.0
1948127064067879168,Ελληνοχώρι Κορινθίας,3.081,0.063
1955351538207006976,Χίος,0.261,0.241
1955389102276149248,Πρέβεζα,0.253,0.253
1955389102276149248,Δήμος Ζηρού,,
1955390953881211136,Πάτρα,0.082,6.042
1955390953881211136,Συχαινά,1.216,1.317
1955394230563787008,Χίος,0.231,0.279
1955394230563787008,Ρεστά Χίου,0.108,0.108
1955400020255006976,Άρτα,1.074,1.074
1955400020255006976,Καμπή Άρτας ,9.675,9.675
1955400564537442560,Χίος,0.224,0.283
1955403399173718272,Σταμνά Αιτωλοακαρνανίας,0.014,0.014
1955411455655940096,Άνω Συχαινά,0.103,0.103
1955411455655940096,Πάτρα,0.141,5.987
1955411455655940096,Περιμετρική Πατρών,5.322,5.322
1955414925293072896,Άνω Συχαινά,0.982,0.232
1955414925293072896,Πάτρα,6.249,6.163
1955417026849280256,Κάτω Συχαινά,1.216,1.317
1955417026849280256,Ανθούπολη,171.669,1087.875
1955417026849280256,Πάτρα,0.082,6.042
1955417026849280256,Συχαινά,1.055,0.231
1955417276334981632,Βολισσός ,,
1955417276334981632,Λημνιά,,
1960810013292663296,Σαλαμίνα,3.077,3.077
1960831576553771520,Σαλαμίνα,3.047,3.047
1961038273700119040,Διαβολογέφυρο Τροιζηνίας  ,,
1961041489825239040,Πρέβεζα,0.268,0.268
1961043679117766656,Πρέβεζα,0.253,0.253
1961043679117766656,Αηδόνι,368.18,0.038
1961043679117766656,Κλεισούρα,290.786,26.726
1961046383017820416,Αηδόνι,0.106,0.106
1961066140664316160,Εύβοια,0.0,0.0
1961100987726430464,Παρατηρητής Κομοτηνής,16.396,16.396
1961102799577497856,Ήφαιστος Κομοτηνής,,
1961105315232878848,Σαλαμίνα,3.065,3.065
1961109281261895680,Κομοτηνή,0.216,0.216
1961109287477928448,Κομοτηνή,0.107,0.107
1961110667567784448,Κομοτηνή,,0.107
1963566297297432576,Χορτιάτης,0.149,0.149
1963570136180281600,Βρίσα,0.181,0.181
