Tweet_ID,toponym,gold_toponym,orig_geocoded_as,orig_success,now_n_candidates,now_top_name,now_success,shift_km,orig_within_10km,now_within_10km,orig_choice_rank_today
1808521437939933440,γλυκα νερα,Γλυκά Νερά,Γλυκά Νερά,True,1,Γλυκά Νερά,True,0.0,True,True,0.0
1808521717377081600,γλυκα νερα,Γλυκά Νερά,Γλυκά Νερά,True,1,Γλυκά Νερά,True,0.0,True,True,0.0
1808524554815361024,γλυκα,Γλυκά Νερά,Γλυκά Νερά,True,3,Γλυκά Νερά,True,0.0,True,True,0.0
1808532377469092096,υμηττο,Υμηττός,Δημοτική Ενότητα Υμηττού,True,0,,False,,True,False,
1808532377469092096,γλυκα,Γλυκά Νερά,Γλυκά Νερά,True,3,Γλυκά Νερά,True,0.0,True,True,0.0
1808544300872916992,μηλιτσα μεσσηνιας,Μηλίτσα,Μηλίτσα,True,2,Μηλίτσα,True,0.0,True,True,0.0
1808545644648206592,νεκροταφειο γλυκων νερων,Νεκροταφείο Γλυκών Νερών,FAILED_TO_GEOCODE,False,0,,False,,False,False,
1808555022734512384,φιλοπαππου,Λόφος Φιλοπάππου,Λόφος Φιλοπάππου,True,3,Φιλοπάππου,True,0.585,True,True,0.0
1808555022734512384,ακροπολη,Ακρόπολη,Ακρόπολη,True,4,Ακρόπολη,True,0.422,,,0.0
1808556439440355840,γλυκα νερα,Γλυκά Νερά,Γλυκά Νερά,True,1,Γλυκά Νερά,True,0.0,True,True,0.0
1808560983180521728,αμυγδαλια λαρισας,Αμυγδαλιά Λάρισας,FAILED_TO_GEOCODE,False,1,Αμυγδαλέα,True,,False,True,
1808564570899816448,αμυγδαλια,Αμυγδαλιά Λάρισας,FAILED_TO_GEOCODE,False,7,Αμυγδαλιά,True,,False,False,
1808564570899816448,λαρισα,Λάρισα,Λάρισα,True,2,Λάρισα,True,0.0,True,True,0.0
1808572754922275072,λαρισα,Λάρισα,Λάρισα,True,2,Λάρισα,True,0.0,True,True,0.0
1808572754922275072,αμυγδαλια λαρισα,Αμυγδαλιά,Λάρισα,True,1,Αμυγδαλέα,True,13.229,False,True,
1808575048577421824,λαρισα,Λάρισα,Λάρισα,True,2,Λάρισα,True,0.0,True,True,0.0
1808575557145141760,γλυκα νερα,Γλυκά Νερά,Γλυκά Νερά,True,1,Γλυκά Νερά,True,0.0,True,True,0.0
1808575716046557440,αμυγδαλια λαρισας,Αμυγδαλιά Λάρισας,FAILED_TO_GEOCODE,False,1,Αμυγδαλέα,True,,False,True,
1808576808813486592,κερνιτσα,Κερνίτσα,Κερνίτσα,True,1,Κερνίτσα,True,0.0,True,True,0.0
1808576808813486592,διακοπτο,Άνω Διακοπτό,Άνω Διακοπτό,True,5,Διακοπτό,True,6.729,True,True,3.0
1808579528731865344,γουινεα,Γουινέα,FAILED_TO_GEOCODE,False,0,,False,,False,False,
1808582150385541632,αμυγδαλια λαρισας,Αμυγδαλιά Λάρισας,FAILED_TO_GEOCODE,False,1,Αμυγδαλέα,True,,False,True,
1808594959869882368,νεα ζωη ασπροπυργου,Νέα Ζωή Ασπροπύργου,Νέα Ζωή,True,2,Νέα Ζωή,True,0.0,True,True,0.0
1808599613164957952,γλυκα νερα,Γλυκά Νερά,Γλυκά Νερά,True,1,Γλυκά Νερά,True,0.0,True,True,0.0
1808603946790842624,αμυγδαλια λαρισας,Αμυγδαλιά Λάρισας,FAILED_TO_GEOCODE,False,1,Αμυγδαλέα,True,,False,True,
1808603946790842624,ματιες,NONE,FAILED_TO_GEOCODE,False,0,,False,,False,False,
1808610304017977856,νεα ζωη ασπροπυργου,Νέα Ζωή Ασπροπύργου,Νέα Ζωή,True,2,Νέα Ζωή,True,0.0,True,True,0.0
1937606544440365568,κτελ κηφισου,ΚΤΕΛ Κηφισού,FAILED_TO_GEOCODE,False,1,ΚΤΕΛ - Σταθμός Υπεραστικών Λεωφορείων (Κηφισού),True,,False,True,
1938571735223120384,στεφανη βοιωτιας,Στεφάνη Βοιωτίας,Στεφάνη,True,1,Στεφάνη,True,0.0,True,True,0.0
1940440621732552704,χαλκιδικη,Χαλκιδική,Χαλκιδική,True,1,Χαλκιδική,True,0.0,True,True,0.0
1940440621732552704,βουρβουρου,Βουρβουρού,Βουρβουρού,True,5,Βουρβουρού,True,0.0,True,True,0.0
1940444079655125248,χαλκιδα,Χαλκίδα,Χαλκίδα,True,1,Χαλκίδα,True,0.012,True,True,0.0
1940446143000756224,ευβοια,Εύβοια,Εύβοια,True,1,Εύβοια,True,0.0,True,True,0.0
1940455534458818816,λασιθι,Περιφερειακή Ενότητα Λασιθίου,Περιφερειακή Ενότητα Λασιθίου,True,5,Οροπέδιο Λασιθίου,True,40.418,False,False,4.0
1940463560964162048,λασιθι,Περιφερειακή Ενότητα Λασιθίου,Περιφερειακή Ενότητα Λασιθίου,True,5,Οροπέδιο Λασιθίου,True,40.418,True,False,4.0
1940463560964162048,ιεραπετρα,Δημοτική Ενότητα Ιεράπετρας,Δημοτική Ενότητα Ιεράπετρας,True,3,Ιεράπετρα,True,8.565,True,True,1.0
1940467472446246912,χαλκιδικη,Χαλκιδική,Χαλκιδική,True,1,Χαλκιδική,True,0.0,True,True,0.0
1940467547499122944,χαλκιδικη,Χαλκιδική,Χαλκιδική,True,1,Χαλκιδική,True,0.0,True,True,0.0
1940467547499122944,βουρβουρου,Βουρβουρού,Βουρβουρού,True,5,Βουρβουρού,True,0.0,True,True,0.0
1940476969235501312,ιεραπετρα,Ιεράπετρα,Δημοτική Ενότητα Ιεράπετρας,True,3,Ιεράπετρα,True,8.565,True,True,1.0
1940485281842409728,χαλκιδικη,Χαλκιδική,Χαλκιδική,True,1,Χαλκιδική,True,0.0,True,True,0.0
1940485281842409728,βουρβουρους,Βουρβουρού,FAILED_TO_GEOCODE,False,0,,False,,False,False,
1940485584407220480,αχλια λασιθιου,Αχλιά Λασιθίου,Αχλιά,True,1,Αχλιά,True,0.0,True,True,0.0
1940486951943262464,λασιθι,Περιφερειακή Ενότητα Λασιθίου,Περιφερειακή Ενότητα Λασιθίου,True,5,Οροπέδιο Λασιθίου,True,40.418,True,False,4.0
1940486951943262464,αγια φωτια φωτια,Αγία Φωτιά,Αγία Φωτιά,True,1,Αγία Φωτιά,True,0.0,True,True,0.0
1940487636185239808,αχλια ιεραπετρας,Αχλιά Ιεράπετρας,Αχλιά,True,1,Αχλιά,True,0.0,True,True,0.0
1940487636185239808,φερμα,Φέρμα Ιεράπετρας,Φέρμα,True,1,Φέρμα,True,0.0,True,True,0.0
1940490715630629120,ιεραπετρα,Ιεράπετρα,Δημοτική Ενότητα Ιεράπετρας,True,3,Ιεράπετρα,True,8.565,True,True,1.0
1940492437757350144,ιεραπετρα,Δημοτική Ενότητα Ιεράπετρας,Δημοτική Ενότητα Ιεράπετρας,True,3,Ιεράπετρα,True,8.565,True,True,1.0
1940496484375712256,ιεραπετρα,Ιεράπετρα,Δημοτική Ενότητα Ιεράπετρας,True,3,Ιεράπετρα,True,8.565,True,True,1.0
1940498172675314176,ιεραπετρα,Ιεράπετρα,Δημοτική Ενότητα Ιεράπετρας,True,3,Ιεράπετρα,True,8.565,True,True,1.0
1940498172675314176,χαλκιδικη,Χαλκιδική,Χαλκιδική,True,1,Χαλκιδική,True,0.0,True,True,0.0
1940498172675314176,κυθηρα,Κύθηρα,Κύθηρα,True,2,Κύθηρα,True,0.0,True,True,0.0
1940501021337481728,λασιθι,Περιφερειακή Ενότητα Λασιθίου,Περιφερειακή Ενότητα Λασιθίου,True,5,Οροπέδιο Λασιθίου,True,40.418,True,False,4.0
1940501398858219776,λασιθι,Περιφερειακή Ενότητα Λασιθίου,Περιφερειακή Ενότητα Λασιθίου,True,5,Οροπέδιο Λασιθίου,True,40.418,True,False,4.0
1940504523027747072,αχλια,Αχλιά,Αχλιά,True,2,Αχλιά,True,459.556,True,False,1.0
1940504523027747072,ιεραπετρα,Ιεράπετρα,Δημοτική Ενότητα Ιεράπετρας,True,3,Ιεράπετρα,True,8.565,True,True,1.0
1940504523027747072,φερμα,Φέρμα,Φέρμα,True,1,Φέρμα,True,0.0,True,True,0.0
1940507398361567744,ιεραπετρα,Ιεράπετρα,Δημοτική Ενότητα Ιεράπετρας,True,3,Ιεράπετρα,True,8.565,True,True,1.0
1940508570698887168,ιεραπετρα,Δημοτική Ενότητα Ιεράπετρας,Δημοτική Ενότητα Ιεράπετρας,True,3,Ιεράπετρα,True,8.565,True,True,1.0
1940515268251602944,αχλια λασιθιου,Αχλιά Λασιθίου,Αχλιά,True,1,Αχλιά,True,0.0,True,True,0.0
1940528636932805120,φερμα ιεραπετρας,Φέρμα Ιεράπετρας,Φέρμα,True,1,Φέρμα,True,0.0,True,True,0.0
1940528636932805120,κρητη,Κρήτη,Κρήτη,True,1,Κρήτη,True,0.0,True,True,0.0
1940551486699983104,λασιθι,Περιφερειακή Ενότητα Λασιθίου,Περιφερειακή Ενότητα Λασιθίου,True,5,Οροπέδιο Λασιθίου,True,40.418,True,False,4.0
1940556961453613056,ιεραπετρα,Δημοτική Ενότητα Ιεράπετρας,Δημοτική Ενότητα Ιεράπετρας,True,3,Ιεράπετρα,True,8.565,True,True,1.0
1944188308168274432,σχηματαριου βοιωτιας,Σχηματάρι Βοιωτίας,FAILED_TO_GEOCODE,False,2,Δημοτική Ενότητα Σχηματαρίου,True,,False,True,
1944784508554744064,προφητη ηλια,Προφήτης Ηλίας,Συνοικία Προφήτη Ηλία,True,0,,False,,False,False,
1945155108179771648,σκαλοχωρι λεσβου,Σκαλοχώρι Λέσβου,Σκαλοχώρι,True,1,Σκαλοχώρι,True,0.0,True,True,0.0
1946289449085600000,χαλανδρι αττικης,Χαλάνδρι,Χαλάνδρι,True,3,Χαλάνδρι,True,0.0,True,True,0.0
1946303505502798080,πυλαια θεσσαλονικης,Πυλαία Θεσσαλονίκης,FAILED_TO_GEOCODE,False,0,,False,,False,False,
1946349099009159680,ζεφυρι αττικης,Ζεφύρι,FAILED_TO_GEOCODE,False,1,Δημοτική Ενότητα Ζεφυρίου,True,,False,True,
1946911402033098752,νεοχωρακι βοιωτιας,Νεοχωράκι Βοιωτίας,Νεοχωράκι,True,1,Νεοχωράκι,True,0.0,True,True,0.0
1948067850603880704,θεσσαλονικη,Θεσσαλονίκη,Θεσσαλονίκη,True,1,Θεσσαλονίκη,True,0.0,True,True,0.0
1948070154082107904,λαρισα,Λάρισα,Λάρισα,True,2,Λάρισα,True,223.542,False,True,1.0
1948070154082107904,αμουρι ελασσονας,Αμούρι Ελασσόνας,FAILED_TO_GEOCODE,False,1,Αμούρι,True,,False,True,
1948075362765754624,αλιβερι,Αλιβέρι,Αλιβέρι,True,1,Αλιβέρι,True,0.0,True,True,0.0
1948075475139518464,πτολεμαιδας,Πτολεμαΐδα,FAILED_TO_GEOCODE,False,7,Λιγνιτωρυχείο Πτολεμαΐδας,True,,False,False,
1948077026436669696,λεμεσο,Λεμεσός,Λεμεσός,True,0,,False,,True,False,
1948077026436669696,παφο,Πάφος,Δήμος Πάφου,True,0,,False,,True,False,
1948077026436669696,βασα κοιλανιου,Βάσα Κοιλανίου,FAILED_TO_GEOCODE,False,0,,False,,False,False,
1948077026436669696,αγιας βαρβαρας,Αγία Βαρβάρα Πάφου,FAILED_TO_GEOCODE,False,1,Αγίας Βαρβάρας (Δημάρχου Ν.Κακαρά),True,,False,False,
1948077026436669696,νατας,Νατά,FAILED_TO_GEOCODE,False,0,,False,,False,False,
1948077026436669696,επισκοπης,Επισκοπή Πάφου,Κοινότητα Επισκοπής,True,4,Δημοτική Ενότητα Επισκοπής,True,351.975,False,False,2.0
1948078944311288320,σιλικου,Σιλίκου,FAILED_TO_GEOCODE,False,1,Συλίκου,True,,False,True,
1948085064723468288,σουνι,Σούνι-Ζανατζιά,FAILED_TO_GEOCODE,False,1,Souni-Zanakia,True,,False,True,
1948091949438693376,παφος,Πάφος,FAILED_TO_GEOCODE,False,1,Δήμος Πάφου,True,,False,True,
1948091949438693376,λεμεσος,Λεμεσός,Λεμεσός,True,2,Λεμεσός,True,0.801,True,True,0.0
1948093299702604032,φενεο κορινθιας,Φενεός Κορινθίας,FAILED_TO_GEOCODE,False,0,,False,,False,False,
1948096168061456896,φενεο κορινθιας,Φενεός Κορινθίας,FAILED_TO_GEOCODE,False,0,,False,,False,False,
1948097950954979840,κορινθια,Περιφερειακή Ενότητα Κορινθίας,Περιφερειακή Ενότητα Κορινθίας,True,1,Περιφερειακή Ενότητα Κορινθίας,True,0.0,True,True,0.0
1948104119182356992,κορινθια,Περιφερειακή Ενότητα Κορινθίας,Περιφερειακή Ενότητα Κορινθίας,True,1,Περιφερειακή Ενότητα Κορινθίας,True,0.0,True,True,0.0
1948104119182356992,φενεο,Φενεός,FAILED_TO_GEOCODE,False,0,,False,,False,False,
1948110190718361856,γεφυρι της ερημης,,FAILED_TO_GEOCODE,False,0,,False,,False,False,
1948110433073656064,πλατρες,Πάνω Πλάτρες,Πάνω Πλάτρες,True,2,Πάνω Πλάτρες,True,0.0,True,True,0.0
1948110433073656064,λεμεσο,Λεμεσός,Λεμεσός,True,0,,False,,True,False,
1948110433073656064,βασα,Βάσα Κοιλανίου,Βάσα,True,3,Βάσα,True,0.0,True,True,0.0
1948110433073656064,ισραηλ,Ισραήλ,Πρεσβεία Ισραήλ,True,2,Πρεσβεία Ισραήλ,True,0.0,,,0.0
1948110433073656064,ιορδανια,Ιορδανία,FAILED_TO_GEOCODE,False,0,,False,,False,False,
1948115383396733440,λεμεσο,Λεμεσός,Λεμεσός,True,0,,False,,True,False,
1948123845228912896,ελληνοχωρι κορινθιας,Ελληνοχώρι,Ελληνοχώρι,True,1,Ελληνοχώρι,True,0.0,True,True,0.0
1948127064067879168,κορινθια,Περιφερειακή Ενότητα Κορινθίας,Περιφερειακή Ενότητα Κορινθίας,True,1,Περιφερειακή Ενότητα Κορινθίας,True,0.0,True,True,0.0
1948127064067879168,ελληνοχωρι,Ελληνοχώρι Κορινθίας,Ελληνοχώρι,True,2,Ελληνοχώρι,True,498.638,True,False,1.0
1955351538207006976,χιο,Χίος,Χίος,True,2,Λιμάνι Χίου,True,0.502,True,True,0.0
1955389102276149248,πρεβεζα,Πρέβεζα,Πρέβεζα,True,1,Πρέβεζα,True,0.0,True,True,0.0
1955389102276149248,ΝΟΝΕ,Δήμος Ζηρού,ΝΟΝΕ ,False,0,,False,,False,False,
1955390953881211136,πατρα,Πάτρα,FAILED_TO_GEOCODE,False,1,Πάτρα,True,,False,True,
1955390953881211136,συχαινα,Συχαινά,Κάτω Συχαινά,True,2,Κάτω Συχαινά,True,0.0,True,True,0.0
1955394230563787008,χιο,Χίος,Χίος,True,2,Λιμάνι Χίου,True,0.502,True,True,0.0
1955394230563787008,ρεστα χιου,Ρεστά Χίου,FAILED_TO_GEOCODE,False,1,Agios Georgios Resta,True,,False,True,
1955400020255006976,αρτα,Άρτα,Άρτα,True,2,Άρτα,True,0.0,True,True,0.0
1955400020255006976,ΝΟΝΕ,Καμπή Άρτας ,ΝΟΝΕ ,False,0,,False,,False,False,
1955400564537442560,σκαλα ερεσσου λεσβου,Σκάλα Ερεσού Λέσβου,FAILED_TO_GEOCODE,False,0,,False,,False,False,
1955400564537442560,χιο,Χίος,Χίος,True,2,Λιμάνι Χίου,True,0.502,True,True,0.0
1955403399173718272,σταμνα αιτωλοακαρνανιας,Σταμνά Αιτωλοακαρνανίας,Σταμνά,True,2,Σταμνά,True,0.0,True,True,0.0
1955411455655940096,ανω συχαινα,Άνω Συχαινά,Άνω Συχαινά,True,1,Άνω Συχαινά,True,0.0,True,True,0.0
1955411455655940096,πατρα,Πάτρα,FAILED_TO_GEOCODE,False,1,Πάτρα,True,,False,True,
1955411455655940096,περιμετρικη,Περιμετρική Πατρών,FAILED_TO_GEOCODE,False,0,,False,,False,False,
1955414925293072896,συχαινα,Άνω Συχαινά,Κάτω Συχαινά,True,2,Κάτω Συχαινά,True,0.0,True,True,0.0
1955414925293072896,πατρας,Πάτρα,FAILED_TO_GEOCODE,False,4,Πανεπιστημιούπολη Πατρών,True,,False,True,
1955417026849280256,συχαινα,Κάτω Συχαινά,Κάτω Συχαινά,True,2,Κάτω Συχαινά,True,0.0,True,True,0.0
1955417026849280256,ανθουπολη,Ανθούπολη,Ανθούπολη,True,10,Ανθούπολη,True,171.816,True,False,1.0
1955417026849280256,πατρα,Πάτρα,FAILED_TO_GEOCODE,False,1,Πάτρα,True,,False,True,
1955417026849280256,συχαινα πατρα,Συχαινά,FAILED_TO_GEOCODE,False,0,,False,,False,False,
1955417276334981632,βολισου χιος,Βολισσός ,FAILED_TO_GEOCODE,False,1,Κυμινάς Κοινότητας Βολισού,True,,False,True,
1955417276334981632,λιμνια,Λημνιά,Λιμνιά,True,5,Λιμνιά,True,317.632,True,False,4.0
1960810013292663296,σαλαμινα,Σαλαμίνα,Σαλαμίνα,True,2,Σαλαμίνα,True,0.0,True,True,0.0
1960831576553771520,σαλαμινα,Σαλαμίνα,Σαλαμίνα,True,2,Σαλαμίνα,True,0.0,True,True,0.0
1961038273700119040,διαβολογεφυρο τροιζηνιας,Διαβολογέφυρο Τροιζηνίας  ,FAILED_TO_GEOCODE,False,0,,False,,False,False,
1961041489825239040,πρεβεζα,Πρέβεζα,Πρέβεζα,True,1,Πρέβεζα,True,0.0,True,True,0.0
1961043679117766656,πρεβεζα,Πρέβεζα,Πρέβεζα,True,1,Πρέβεζα,True,0.0,True,True,0.0
1961043679117766656,αηδονι,Αηδόνι,Αηδόνι,True,2,Αηδόνι,True,368.163,True,False,1.0
1961043679117766656,κλεισουρα,Κλεισούρα,Κλεισούρα,True,6,Κλεισούρα,True,291.587,False,False,4.0
1961046383017820416,αηδονι πρεβεζας,Αηδόνι,Αηδόνι,True,1,Αηδόνι,True,0.0,True,True,0.0
1961066140664316160,βορεια ευβοια,Εύβοια,Εύβοια,True,0,,False,,True,False,
1961100987726430464,παρατηρητης κομοτηνης,Παρατηρητής Κομοτηνής,Παρατηρητής,True,1,Παρατηρητής,True,0.0,False,False,0.0
1961105315232878848,σαλαμινα,Σαλαμίνα,Σαλαμίνα,True,2,Σαλαμίνα,True,0.0,True,True,0.0
1961109281261895680,κομοτηνη,Κομοτηνή,Κομοτηνή,True,1,Κομοτηνή,True,0.0,True,True,0.0
1961109287477928448,κομοτηνη,Κομοτηνή,Κομοτηνή,True,1,Κομοτηνή,True,0.0,True,True,0.0
1961110667567784448,κομοτηνης,Κομοτηνή,Κομοτηνή,True,0,,False,,True,False,
1963566297297432576,χορτιατης,Χορτιάτης,Χορτιάτης,True,6,Χορτιάτης,True,0.0,True,True,0.0
1963570136180281600,βρισα,Βρίσα,Βρίσα,True,1,Βρίσα,True,0.0,True,True,0.0
