Date;Tweet_ID;Raw Text;Likes;Retweets;is_fire;is_wildland;is_urban
Mon Aug 12 23:58:43 +0000 2024;1,82E+18;;1;0;;;
Mon Aug 12 23:58:43 +0000 2024;1,82E+18;;0;0;;;
Mon Aug 12 23:57:12 +0000 2024;1,82E+18;;0;0;;;
Mon Aug 12 23:55:55 +0000 2024;1,82E+18;;1;0;;;
Mon Aug 12 23:53:12 +0000 2024;1,82E+18;;0;0;;;
Mon Aug 12 23:52:09 +0000 2024;1,82E+18;;2;0;;;
Mon Aug 12 23:51:56 +0000 2024;1,82E+18;;2;0;;;
Mon Aug 12 23:51:46 +0000 2024;1,82E+18;;1;0;;;
Mon Aug 12 23:51:35 +0000 2024;1,82E+18;;28;22;;;
Mon Aug 12 23:51:19 +0000 2024;1,82E+18;;1;0;;;
Mon Aug 12 23:50:55 +0000 2024;1,82E+18;;2;2;;;
Mon Aug 12 23:50:43 +0000 2024;1,82E+18;;8;1;;;
Mon Aug 12 23:50:15 +0000 2024;1,82E+18;;1;0;;;
Mon Aug 12 23:49:26 +0000 2024;1,82E+18;;19;3;;;
Mon Aug 12 23:49:08 +0000 2024;1,82E+18;;6;2;;;
Mon Aug 12 23:48:15 +0000 2024;1,82E+18;;1;0;;;
Mon Aug 12 23:48:04 +0000 2024;1,82E+18;;0;0;;;
Mon Aug 12 23:47:58 +0000 2024;1,82E+18;;0;0;;;
Mon Aug 12 23:46:51 +0000 2024;1,82E+18;;7;7;;;
Mon Aug 12 23:46:28 +0000 2024;1,82E+18;;0;0;;;
Mon Aug 12 23:45:15 +0000 2024;1,82E+18;;0;0;;;
Mon Aug 12 23:45:13 +0000 2024;1,82E+18;;87;7;;;
Mon Aug 12 23:45:00 +0000 2024;1,82E+18;;3;1;;;
Mon Aug 12 23:44:25 +0000 2024;1,82E+18;;6;0;;;
Mon Aug 12 23:44:09 +0000 2024;1,82E+18;;2;2;;;
Mon Aug 12 23:43:51 +0000 2024;1,82E+18;;1;1;;;
Mon Aug 12 23:43:08 +0000 2024;1,82E+18;;4;0;;;
Mon Aug 12 23:41:43 +0000 2024;1,82E+18;;3;0;;;
Mon Aug 12 23:40:58 +0000 2024;1,82E+18;;514;305;;;
Mon Aug 12 23:39:17 +0000 2024;1,82E+18;;0;0;;;
Mon Aug 12 23:38:56 +0000 2024;1,82E+18;;0;0;;;
Mon Aug 12 23:37:36 +0000 2024;1,82E+18;;0;0;;;
Mon Aug 12 23:36:12 +0000 2024;1,82E+18;;4;1;;;
Mon Aug 12 23:36:07 +0000 2024;1,82E+18;;0;0;;;
Mon Aug 12 23:35:32 +0000 2024;1,82E+18;;0;0;;;
Mon Aug 12 23:35:25 +0000 2024;1,82E+18;;156;41;;;
Mon Aug 12 23:35:15 +0000 2024;1,82E+18;;4;0;;;
Mon Aug 12 23:34:30 +0000 2024;1,82E+18;;0;0;;;
Mon Aug 12 23:34:27 +0000 2024;1,82E+18;;5;1;;;
Mon Aug 12 23:33:05 +0000 2024;1,82E+18;;1;0;;;
Mon Aug 12 23:32:52 +0000 2024;1,82E+18;;0;0;;;
Mon Aug 12 23:32:33 +0000 2024;1,82E+18;;0;0;;;
Mon Aug 12 23:31:22 +0000 2024;1,82E+18;;0;0;;;
Mon Aug 12 23:30:39 +0000 2024;1,82E+18;;8;0;;;
Mon Aug 12 23:30:25 +0000 2024;1,82E+18;;1;0;;;
Mon Aug 12 23:30:20 +0000 2024;1,82E+18;;0;0;;;
Mon Aug 12 23:30:00 +0000 2024;1,82E+18;;0;0;;;
Mon Aug 12 23:29:49 +0000 2024;1,82E+18;;0;0;;;
Mon Aug 12 23:29:40 +0000 2024;1,82E+18;;28;6;;;
Mon Aug 12 23:29:18 +0000 2024;1,82E+18;;0;0;;;
Mon Aug 12 23:28:49 +0000 2024;1,82E+18;;0;0;;;
Mon Aug 12 23:27:40 +0000 2024;1,82E+18;;0;0;;;
Mon Aug 12 23:27:37 +0000 2024;1,82E+18;;0;0;;;
Mon Aug 12 23:26:44 +0000 2024;1,82E+18;;1;0;;;
Mon Aug 12 23:25:03 +0000 2024;1,82E+18;;3;1;;;
Mon Aug 12 23:24:59 +0000 2024;1,82E+18;;0;0;;;
Mon Aug 12 23:24:07 +0000 2024;1,82E+18;;17;3;;;
Mon Aug 12 23:23:58 +0000 2024;1,82E+18;;3;4;;;
Mon Aug 12 23:22:42 +0000 2024;1,82E+18;;0;0;;;
Mon Aug 12 23:22:10 +0000 2024;1,82E+18;;2;0;;;
Mon Aug 12 23:21:49 +0000 2024;1,82E+18;;339;50;;;
Mon Aug 12 23:21:21 +0000 2024;1,82E+18;;0;0;;;
Mon Aug 12 23:21:14 +0000 2024;1,82E+18;;2;1;;;
Mon Aug 12 23:20:50 +0000 2024;1,82E+18;;6;0;;;
Mon Aug 12 23:20:07 +0000 2024;1,82E+18;;0;0;;;
Mon Aug 12 23:20:05 +0000 2024;1,82E+18;;2;2;;;
Mon Aug 12 23:20:05 +0000 2024;1,82E+18;;1;0;;;
Mon Aug 12 23:18:57 +0000 2024;1,82E+18;;143;31;;;
Mon Aug 12 23:18:22 +0000 2024;1,82E+18;;4;0;;;
Mon Aug 12 23:18:11 +0000 2024;1,82E+18;;2;0;;;
Mon Aug 12 23:18:09 +0000 2024;1,82E+18;;0;0;;;
Mon Aug 12 23:18:01 +0000 2024;1,82E+18;;0;0;;;
Mon Aug 12 23:17:47 +0000 2024;1,82E+18;;2;1;;;
Mon Aug 12 23:17:38 +0000 2024;1,82E+18;;1;0;;;
Mon Aug 12 23:16:41 +0000 2024;1,82E+18;;0;0;;;
Mon Aug 12 23:16:41 +0000 2024;1,82E+18;;0;0;;;
Mon Aug 12 23:16:17 +0000 2024;1,82E+18;;0;0;;;
Mon Aug 12 23:15:45 +0000 2024;1,82E+18;;0;0;;;
Mon Aug 12 23:15:37 +0000 2024;1,82E+18;;0;0;;;
Mon Aug 12 23:15:12 +0000 2024;1,82E+18;;0;0;;;
Mon Aug 12 23:14:58 +0000 2024;1,82E+18;;3;1;;;
Mon Aug 12 23:14:42 +0000 2024;1,82E+18;;666;185;;;
Mon Aug 12 23:14:36 +0000 2024;1,82E+18;;6;23;;;
Mon Aug 12 23:14:36 +0000 2024;1,82E+18;;8;0;;;
Mon Aug 12 23:14:28 +0000 2024;1,82E+18;;29;2;;;
Mon Aug 12 23:14:11 +0000 2024;1,82E+18;;1;0;;;
Mon Aug 12 23:14:09 +0000 2024;1,82E+18;;5;1;;;
Mon Aug 12 23:14:05 +0000 2024;1,82E+18;;3;0;;;
Mon Aug 12 23:13:44 +0000 2024;1,82E+18;;1;1;;;
Mon Aug 12 23:13:22 +0000 2024;1,82E+18;;0;0;;;
Mon Aug 12 23:13:19 +0000 2024;1,82E+18;;0;0;;;
Mon Aug 12 23:12:51 +0000 2024;1,82E+18;;6;0;;;
Mon Aug 12 23:12:51 +0000 2024;1,82E+18;;43;24;;;
Mon Aug 12 23:12:50 +0000 2024;1,82E+18;;10;0;;;
Mon Aug 12 23:12:48 +0000 2024;1,82E+18;;3;0;;;
Mon Aug 12 23:12:36 +0000 2024;1,82E+18;;0;0;;;
Mon Aug 12 23:12:28 +0000 2024;1,82E+18;;4;0;;;
Mon Aug 12 23:12:27 +0000 2024;1,82E+18;;4;0;;;
Mon Aug 12 23:12:08 +0000 2024;1,82E+18;;2;0;;;
Mon Aug 12 23:10:54 +0000 2024;1,82E+18;;0;0;;;
Mon Aug 12 23:10:06 +0000 2024;1,82E+18;;1;1;;;
Mon Aug 12 23:09:46 +0000 2024;1,82E+18;;0;0;;;
Mon Aug 12 23:09:35 +0000 2024;1,82E+18;;5;0;;;
Mon Aug 12 23:09:06 +0000 2024;1,82E+18;;0;0;;;
Mon Aug 12 23:09:02 +0000 2024;1,82E+18;;86;36;;;
Mon Aug 12 23:08:49 +0000 2024;1,82E+18;;0;0;;;
Mon Aug 12 23:08:09 +0000 2024;1,82E+18;;10;1;;;
Mon Aug 12 23:06:50 +0000 2024;1,82E+18;;4;0;;;
Mon Aug 12 23:04:53 +0000 2024;1,82E+18;;1;0;;;
Mon Aug 12 23:04:36 +0000 2024;1,82E+18;;0;0;;;
Mon Aug 12 23:04:20 +0000 2024;1,82E+18;;0;0;;;
Mon Aug 12 23:03:55 +0000 2024;1,82E+18;;53;6;;;
Mon Aug 12 23:03:46 +0000 2024;1,82E+18;;13;1;;;
Mon Aug 12 23:03:11 +0000 2024;1,82E+18;;51;178;;;
Mon Aug 12 23:03:03 +0000 2024;1,82E+18;;0;0;;;
Mon Aug 12 23:02:39 +0000 2024;1,82E+18;;0;0;;;
Mon Aug 12 23:02:23 +0000 2024;1,82E+18;;0;0;;;
Mon Aug 12 23:01:52 +0000 2024;1,82E+18;;0;0;;;
Mon Aug 12 23:01:42 +0000 2024;1,82E+18;;2;0;;;
Mon Aug 12 23:01:36 +0000 2024;1,82E+18;;4;0;;;
Mon Aug 12 23:01:29 +0000 2024;1,82E+18;;3;1;;;
Mon Aug 12 23:01:23 +0000 2024;1,82E+18;;0;0;;;
Mon Aug 12 23:01:17 +0000 2024;1,82E+18;;9;0;;;
Mon Aug 12 23:01:04 +0000 2024;1,82E+18;;14;1;;;
Mon Aug 12 23:00:57 +0000 2024;1,82E+18;;0;0;;;
Mon Aug 12 23:00:55 +0000 2024;1,82E+18;;0;0;;;
Mon Aug 12 23:00:46 +0000 2024;1,82E+18;;0;0;;;
Mon Aug 12 23:00:38 +0000 2024;1,82E+18;;2;6;;;
Mon Aug 12 23:00:31 +0000 2024;1,82E+18;;0;0;;;
Mon Aug 12 23:00:23 +0000 2024;1,82E+18;;4;0;;;
Mon Aug 12 23:00:20 +0000 2024;1,82E+18;;0;0;;;
Mon Aug 12 23:00:18 +0000 2024;1,82E+18;;7;3;;;
Mon Aug 12 23:00:14 +0000 2024;1,82E+18;;0;0;;;
Mon Aug 12 22:59:57 +0000 2024;1,82E+18;;16;4;;;
Mon Aug 12 22:59:36 +0000 2024;1,82E+18;;0;0;;;
Mon Aug 12 22:59:32 +0000 2024;1,82E+18;;0;0;;;
Mon Aug 12 22:59:04 +0000 2024;1,82E+18;;1;0;;;
Mon Aug 12 22:58:52 +0000 2024;1,82E+18;;0;0;;;
Mon Aug 12 22:58:50 +0000 2024;1,82E+18;;0;0;;;
Mon Aug 12 22:58:09 +0000 2024;1,82E+18;;4;1;;;
Mon Aug 12 22:57:17 +0000 2024;1,82E+18;;0;0;;;
Mon Aug 12 22:57:15 +0000 2024;1,82E+18;;12;1;;;
Mon Aug 12 22:57:11 +0000 2024;1,82E+18;;0;0;;;
Mon Aug 12 22:57:05 +0000 2024;1,82E+18;;26;5;;;
Mon Aug 12 22:56:49 +0000 2024;1,82E+18;;2;0;;;
Mon Aug 12 22:56:34 +0000 2024;1,82E+18;;0;0;;;
Mon Aug 12 22:56:12 +0000 2024;1,82E+18;;0;0;;;
Mon Aug 12 22:56:11 +0000 2024;1,82E+18;;0;0;;;
Mon Aug 12 22:54:57 +0000 2024;1,82E+18;;0;0;;;
Mon Aug 12 22:54:37 +0000 2024;1,82E+18;;83;6;;;
Mon Aug 12 22:54:25 +0000 2024;1,82E+18;;4;1;;;
Mon Aug 12 22:53:56 +0000 2024;1,82E+18;;3;1;;;
Mon Aug 12 22:53:49 +0000 2024;1,82E+18;;0;0;;;
Mon Aug 12 22:53:41 +0000 2024;1,82E+18;;0;0;;;
Mon Aug 12 22:53:07 +0000 2024;1,82E+18;;18;6;;;
Mon Aug 12 22:52:50 +0000 2024;1,82E+18;;42;139;;;
Mon Aug 12 22:52:45 +0000 2024;1,82E+18;;2;0;;;
Mon Aug 12 22:52:45 +0000 2024;1,82E+18;;10;3;;;
Mon Aug 12 22:52:31 +0000 2024;1,82E+18;;4;0;;;
Mon Aug 12 22:52:29 +0000 2024;1,82E+18;;1597;336;;;
Mon Aug 12 22:52:20 +0000 2024;1,82E+18;;44;17;;;
Mon Aug 12 22:52:09 +0000 2024;1,82E+18;;0;0;;;
Mon Aug 12 22:51:44 +0000 2024;1,82E+18;;5;1;;;
Mon Aug 12 22:51:01 +0000 2024;1,82E+18;;0;0;;;
Mon Aug 12 22:50:49 +0000 2024;1,82E+18;;6;0;;;
Mon Aug 12 22:50:43 +0000 2024;1,82E+18;;5;10;;;
Mon Aug 12 22:50:36 +0000 2024;1,82E+18;;24;3;;;
Mon Aug 12 22:50:07 +0000 2024;1,82E+18;;2;0;;;
Mon Aug 12 22:49:45 +0000 2024;1,82E+18;;0;0;;;
Mon Aug 12 22:49:41 +0000 2024;1,82E+18;;4;0;;;
Mon Aug 12 22:49:39 +0000 2024;1,82E+18;;0;0;;;
Mon Aug 12 22:49:36 +0000 2024;1,82E+18;;1;0;;;
Mon Aug 12 22:49:31 +0000 2024;1,82E+18;;1;1;;;
Mon Aug 12 22:49:16 +0000 2024;1,82E+18;;0;0;;;
Mon Aug 12 22:48:44 +0000 2024;1,82E+18;;24;7;;;
Mon Aug 12 22:48:37 +0000 2024;1,82E+18;;0;0;;;
Mon Aug 12 22:48:17 +0000 2024;1,82E+18;;155;17;;;
Mon Aug 12 22:47:58 +0000 2024;1,82E+18;;4;0;;;
Mon Aug 12 22:47:45 +0000 2024;1,82E+18;;20;1;;;
Mon Aug 12 22:47:32 +0000 2024;1,82E+18;;3;0;;;
Mon Aug 12 22:47:23 +0000 2024;1,82E+18;;1;0;;;
Mon Aug 12 22:46:55 +0000 2024;1,82E+18;;2;1;;;
Mon Aug 12 22:46:23 +0000 2024;1,82E+18;;1;0;;;
Mon Aug 12 22:46:22 +0000 2024;1,82E+18;;0;0;;;
Mon Aug 12 22:46:11 +0000 2024;1,82E+18;;0;0;;;
Mon Aug 12 22:46:09 +0000 2024;1,82E+18;;6;0;;;
Mon Aug 12 22:45:51 +0000 2024;1,82E+18;;4;0;;;
Mon Aug 12 22:45:31 +0000 2024;1,82E+18;;1;0;;;
Mon Aug 12 22:45:28 +0000 2024;1,82E+18;;3;0;;;
Mon Aug 12 22:45:19 +0000 2024;1,82E+18;;0;0;;;
Mon Aug 12 22:45:17 +0000 2024;1,82E+18;;1;0;;;
Mon Aug 12 22:44:48 +0000 2024;1,82E+18;;0;0;;;
Mon Aug 12 22:43:43 +0000 2024;1,82E+18;;65;2;;;
Mon Aug 12 22:41:51 +0000 2024;1,82E+18;;3;0;;;
Mon Aug 12 22:41:31 +0000 2024;1,82E+18;;0;0;;;
Mon Aug 12 22:41:29 +0000 2024;1,82E+18;;0;0;;;
Mon Aug 12 22:41:16 +0000 2024;1,82E+18;;40;8;;;
Mon Aug 12 22:40:39 +0000 2024;1,82E+18;;234;56;;;
Mon Aug 12 22:40:37 +0000 2024;1,82E+18;;30;5;;;
Mon Aug 12 22:40:22 +0000 2024;1,82E+18;;27;2;;;
Mon Aug 12 22:40:21 +0000 2024;1,82E+18;;5;2;;;
Mon Aug 12 22:40:08 +0000 2024;1,82E+18;;0;0;;;
Mon Aug 12 22:39:29 +0000 2024;1,82E+18;;8;3;;;
Mon Aug 12 22:39:27 +0000 2024;1,82E+18;;8;1;;;
Mon Aug 12 22:39:16 +0000 2024;1,82E+18;;1;0;;;
Mon Aug 12 22:39:08 +0000 2024;1,82E+18;;23;9;;;
Mon Aug 12 22:39:04 +0000 2024;1,82E+18;;8;2;;;
Mon Aug 12 22:38:55 +0000 2024;1,82E+18;;1;0;;;
Mon Aug 12 22:38:52 +0000 2024;1,82E+18;;0;0;;;
Mon Aug 12 22:38:48 +0000 2024;1,82E+18;;8;3;;;
Mon Aug 12 22:38:16 +0000 2024;1,82E+18;;0;0;;;
Mon Aug 12 22:37:40 +0000 2024;1,82E+18;;3;1;;;
Mon Aug 12 22:37:04 +0000 2024;1,82E+18;;0;0;;;
Mon Aug 12 22:36:36 +0000 2024;1,82E+18;;1;0;;;
Mon Aug 12 22:36:31 +0000 2024;1,82E+18;;1;0;;;
Mon Aug 12 22:36:29 +0000 2024;1,82E+18;;0;0;;;
Mon Aug 12 22:36:07 +0000 2024;1,82E+18;;1;0;;;
Mon Aug 12 22:36:01 +0000 2024;1,82E+18;;11;1;;;
Mon Aug 12 22:35:55 +0000 2024;1,82E+18;;3;0;;;
Mon Aug 12 22:35:51 +0000 2024;1,82E+18;;0;0;;;
Mon Aug 12 22:35:42 +0000 2024;1,82E+18;;0;0;;;
Mon Aug 12 22:35:33 +0000 2024;1,82E+18;;1;0;;;
Mon Aug 12 22:35:02 +0000 2024;1,82E+18;;2;0;;;
Mon Aug 12 22:34:53 +0000 2024;1,82E+18;;64;219;;;
Mon Aug 12 22:34:40 +0000 2024;1,82E+18;;0;1;;;
Mon Aug 12 22:34:40 +0000 2024;1,82E+18;;4;3;;;
Mon Aug 12 22:34:40 +0000 2024;1,82E+18;;0;0;;;
Mon Aug 12 22:34:05 +0000 2024;1,82E+18;;5;0;;;
Mon Aug 12 22:33:54 +0000 2024;1,82E+18;;3;0;;;
Mon Aug 12 22:33:51 +0000 2024;1,82E+18;;34;7;;;
Mon Aug 12 22:33:12 +0000 2024;1,82E+18;;1;0;;;
Mon Aug 12 22:32:57 +0000 2024;1,82E+18;;3;0;;;
Mon Aug 12 22:32:34 +0000 2024;1,82E+18;;3;0;;;
Mon Aug 12 22:32:24 +0000 2024;1,82E+18;;11;0;;;
Mon Aug 12 22:32:24 +0000 2024;1,82E+18;;0;0;;;
Mon Aug 12 22:32:02 +0000 2024;1,82E+18;;0;0;;;
Mon Aug 12 22:32:00 +0000 2024;1,82E+18;;2;0;;;
Mon Aug 12 22:31:34 +0000 2024;1,82E+18;;0;0;;;
Mon Aug 12 22:31:27 +0000 2024;1,82E+18;;1;0;;;
Mon Aug 12 22:30:54 +0000 2024;1,82E+18;;9;2;;;
Mon Aug 12 22:30:53 +0000 2024;1,82E+18;;7;0;;;
Mon Aug 12 22:30:25 +0000 2024;1,82E+18;;0;0;;;
Mon Aug 12 22:30:14 +0000 2024;1,82E+18;;93;20;;;
Mon Aug 12 22:30:11 +0000 2024;1,82E+18;;3;0;;;
Mon Aug 12 22:30:00 +0000 2024;1,82E+18;;2;0;;;
Mon Aug 12 22:30:00 +0000 2024;1,82E+18;;0;0;;;
Mon Aug 12 22:29:54 +0000 2024;1,82E+18;;98;21;;;
Mon Aug 12 22:29:51 +0000 2024;1,82E+18;;5;1;;;
Mon Aug 12 22:29:50 +0000 2024;1,82E+18;;4;2;;;
Mon Aug 12 22:29:26 +0000 2024;1,82E+18;;0;0;;;
Mon Aug 12 22:29:22 +0000 2024;1,82E+18;;5;13;;;
Mon Aug 12 22:29:13 +0000 2024;1,82E+18;;11;1;;;
Mon Aug 12 22:29:01 +0000 2024;1,82E+18;;7;1;;;
Mon Aug 12 22:28:48 +0000 2024;1,82E+18;;0;0;;;
Mon Aug 12 22:28:40 +0000 2024;1,82E+18;;4;0;;;
Mon Aug 12 22:28:30 +0000 2024;1,82E+18;;0;0;;;
Mon Aug 12 22:28:28 +0000 2024;1,82E+18;;28;0;;;
Mon Aug 12 22:28:20 +0000 2024;1,82E+18;;0;0;;;
Mon Aug 12 22:27:54 +0000 2024;1,82E+18;;5;1;;;
Mon Aug 12 22:27:47 +0000 2024;1,82E+18;;10;1;;;
Mon Aug 12 22:27:44 +0000 2024;1,82E+18;;43;13;;;
Mon Aug 12 22:27:26 +0000 2024;1,82E+18;;0;0;;;
Mon Aug 12 22:27:23 +0000 2024;1,82E+18;;0;0;;;
Mon Aug 12 22:26:42 +0000 2024;1,82E+18;;0;0;;;
Mon Aug 12 22:26:29 +0000 2024;1,82E+18;;0;0;;;
Mon Aug 12 22:26:28 +0000 2024;1,82E+18;;1;0;;;
Mon Aug 12 22:26:07 +0000 2024;1,82E+18;;11;4;;;
Mon Aug 12 22:26:02 +0000 2024;1,82E+18;;0;0;;;
Mon Aug 12 22:26:00 +0000 2024;1,82E+18;;3;0;;;
Mon Aug 12 22:25:23 +0000 2024;1,82E+18;;4;2;;;
Mon Aug 12 22:25:07 +0000 2024;1,82E+18;;3;0;;;
Mon Aug 12 22:25:02 +0000 2024;1,82E+18;;57;7;;;
Mon Aug 12 22:24:44 +0000 2024;1,82E+18;;0;0;;;
Mon Aug 12 22:24:41 +0000 2024;1,82E+18;;8;2;;;
Mon Aug 12 22:24:28 +0000 2024;1,82E+18;;24;0;;;
Mon Aug 12 22:24:25 +0000 2024;1,82E+18;;3;0;;;
Mon Aug 12 22:24:25 +0000 2024;1,82E+18;;1;1;;;
Mon Aug 12 22:24:23 +0000 2024;1,82E+18;;16;4;;;
Mon Aug 12 22:24:18 +0000 2024;1,82E+18;;0;0;;;
Mon Aug 12 22:24:15 +0000 2024;1,82E+18;;4;1;;;
Mon Aug 12 22:23:52 +0000 2024;1,82E+18;;0;0;;;
Mon Aug 12 22:23:42 +0000 2024;1,82E+18;;8;0;;;
Mon Aug 12 22:23:37 +0000 2024;1,82E+18;;0;0;;;
Mon Aug 12 22:23:31 +0000 2024;1,82E+18;;5;3;;;
Mon Aug 12 22:23:25 +0000 2024;1,82E+18;;1;17;;;
Mon Aug 12 22:23:13 +0000 2024;1,82E+18;;3;0;;;
Mon Aug 12 22:23:07 +0000 2024;1,82E+18;;8;0;;;
Mon Aug 12 22:23:01 +0000 2024;1,82E+18;;6;0;;;
Mon Aug 12 22:22:47 +0000 2024;1,82E+18;;3;4;;;
Mon Aug 12 22:22:47 +0000 2024;1,82E+18;;3;0;;;
Mon Aug 12 22:22:35 +0000 2024;1,82E+18;;9;4;;;
Mon Aug 12 22:22:34 +0000 2024;1,82E+18;;0;0;;;
Mon Aug 12 22:22:33 +0000 2024;1,82E+18;;20;8;;;
Mon Aug 12 22:22:30 +0000 2024;1,82E+18;;12;0;;;
Mon Aug 12 22:22:19 +0000 2024;1,82E+18;;26;2;;;
Mon Aug 12 22:22:12 +0000 2024;1,82E+18;;18;2;;;
Mon Aug 12 22:21:53 +0000 2024;1,82E+18;;9;1;;;
Mon Aug 12 22:21:46 +0000 2024;1,82E+18;;4;0;;;
Mon Aug 12 22:21:41 +0000 2024;1,82E+18;;4;0;;;
Mon Aug 12 22:21:39 +0000 2024;1,82E+18;;13;6;;;
Mon Aug 12 22:21:31 +0000 2024;1,82E+18;;8;6;;;
Mon Aug 12 22:21:26 +0000 2024;1,82E+18;;2;0;;;
Mon Aug 12 22:21:13 +0000 2024;1,82E+18;;0;0;;;
Mon Aug 12 22:20:57 +0000 2024;1,82E+18;;2;0;;;
Mon Aug 12 22:20:57 +0000 2024;1,82E+18;;2;1;;;
Mon Aug 12 22:20:37 +0000 2024;1,82E+18;;34;13;;;
Mon Aug 12 22:20:37 +0000 2024;1,82E+18;;2;0;;;
Mon Aug 12 22:20:32 +0000 2024;1,82E+18;;10;2;;;
Mon Aug 12 22:20:23 +0000 2024;1,82E+18;;1;0;;;
Mon Aug 12 22:20:22 +0000 2024;1,82E+18;;0;0;;;
Mon Aug 12 22:20:19 +0000 2024;1,82E+18;;12;3;;;
Mon Aug 12 22:20:06 +0000 2024;1,82E+18;;2;1;;;
Mon Aug 12 22:19:32 +0000 2024;1,82E+18;;7;0;;;
Mon Aug 12 22:19:27 +0000 2024;1,82E+18;;67;21;;;
Mon Aug 12 22:19:21 +0000 2024;1,82E+18;;2;0;;;
Mon Aug 12 22:19:15 +0000 2024;1,82E+18;;0;0;;;
Mon Aug 12 22:19:08 +0000 2024;1,82E+18;;16;2;;;
Mon Aug 12 22:19:02 +0000 2024;1,82E+18;;4;0;;;
Mon Aug 12 22:18:57 +0000 2024;1,82E+18;;0;0;;;
Mon Aug 12 22:18:51 +0000 2024;1,82E+18;;0;0;;;
Mon Aug 12 22:18:50 +0000 2024;1,82E+18;;1;1;;;
Mon Aug 12 22:18:23 +0000 2024;1,82E+18;;0;0;;;
Mon Aug 12 22:18:17 +0000 2024;1,82E+18;;109;13;;;
Mon Aug 12 22:18:07 +0000 2024;1,82E+18;;1;0;;;
Mon Aug 12 22:17:59 +0000 2024;1,82E+18;;19;0;;;
Mon Aug 12 22:17:52 +0000 2024;1,82E+18;;13;1;;;
Mon Aug 12 22:17:42 +0000 2024;1,82E+18;;0;0;;;
Mon Aug 12 22:17:34 +0000 2024;1,82E+18;;741;215;;;
Mon Aug 12 22:17:30 +0000 2024;1,82E+18;;1;1;;;
Mon Aug 12 22:17:29 +0000 2024;1,82E+18;;19;4;;;
Mon Aug 12 22:17:21 +0000 2024;1,82E+18;;4;0;;;
Mon Aug 12 22:17:12 +0000 2024;1,82E+18;;11;0;;;
Mon Aug 12 22:17:05 +0000 2024;1,82E+18;;5;1;;;
Mon Aug 12 22:17:02 +0000 2024;1,82E+18;;0;0;;;
Mon Aug 12 22:16:57 +0000 2024;1,82E+18;;3;0;;;
Mon Aug 12 22:16:47 +0000 2024;1,82E+18;;0;0;;;
Mon Aug 12 22:16:38 +0000 2024;1,82E+18;;0;0;;;
Mon Aug 12 22:16:36 +0000 2024;1,82E+18;;11;0;;;
Mon Aug 12 22:16:31 +0000 2024;1,82E+18;;16;2;;;
Mon Aug 12 22:16:29 +0000 2024;1,82E+18;;6;1;;;
Mon Aug 12 22:16:27 +0000 2024;1,82E+18;;0;0;;;
Mon Aug 12 22:16:24 +0000 2024;1,82E+18;;9;1;;;
Mon Aug 12 22:16:24 +0000 2024;1,82E+18;;2;0;;;
Mon Aug 12 22:16:15 +0000 2024;1,82E+18;;2;0;;;
Mon Aug 12 22:16:05 +0000 2024;1,82E+18;;4;0;;;
Mon Aug 12 22:15:56 +0000 2024;1,82E+18;;0;0;;;
Mon Aug 12 22:15:56 +0000 2024;1,82E+18;;4;1;;;
Mon Aug 12 22:15:52 +0000 2024;1,82E+18;;9;12;;;
Mon Aug 12 22:15:47 +0000 2024;1,82E+18;;1;0;;;
Mon Aug 12 22:15:18 +0000 2024;1,82E+18;;28;4;;;
Mon Aug 12 22:15:07 +0000 2024;1,82E+18;;2;0;;;
Mon Aug 12 22:14:55 +0000 2024;1,82E+18;;1;0;;;
Mon Aug 12 22:14:46 +0000 2024;1,82E+18;;36;4;;;
Mon Aug 12 22:14:34 +0000 2024;1,82E+18;;60;207;;;
Mon Aug 12 22:14:27 +0000 2024;1,82E+18;;13;2;;;
Mon Aug 12 22:14:26 +0000 2024;1,82E+18;;0;0;;;
Mon Aug 12 22:14:26 +0000 2024;1,82E+18;;1;0;;;
Mon Aug 12 22:14:24 +0000 2024;1,82E+18;;3;0;;;
Mon Aug 12 22:14:01 +0000 2024;1,82E+18;;4;7;;;
Mon Aug 12 22:13:59 +0000 2024;1,82E+18;;2;0;;;
Mon Aug 12 22:13:45 +0000 2024;1,82E+18;;1;0;;;
Mon Aug 12 22:13:39 +0000 2024;1,82E+18;;0;0;;;
Mon Aug 12 22:13:38 +0000 2024;1,82E+18;;1;0;;;
Mon Aug 12 22:12:53 +0000 2024;1,82E+18;;0;0;;;
Mon Aug 12 22:12:26 +0000 2024;1,82E+18;;9;1;;;
Mon Aug 12 22:12:20 +0000 2024;1,82E+18;;0;0;;;
Mon Aug 12 22:12:17 +0000 2024;1,82E+18;;2;0;;;
Mon Aug 12 22:12:16 +0000 2024;1,82E+18;;1;0;;;
Mon Aug 12 22:12:13 +0000 2024;1,82E+18;;1;0;;;
Mon Aug 12 22:12:06 +0000 2024;1,82E+18;;0;0;;;
Mon Aug 12 22:11:58 +0000 2024;1,82E+18;;1;1;;;
Mon Aug 12 22:11:49 +0000 2024;1,82E+18;;0;0;;;
Mon Aug 12 22:11:36 +0000 2024;1,82E+18;;13;4;;;
Mon Aug 12 22:11:15 +0000 2024;1,82E+18;;4;1;;;
Mon Aug 12 22:11:10 +0000 2024;1,82E+18;;0;0;;;
Mon Aug 12 22:11:05 +0000 2024;1,82E+18;;6;1;;;
Mon Aug 12 22:11:05 +0000 2024;1,82E+18;;5;0;;;
Mon Aug 12 22:11:00 +0000 2024;1,82E+18;;103;18;;;
Mon Aug 12 22:10:46 +0000 2024;1,82E+18;;0;0;;;
Mon Aug 12 22:10:44 +0000 2024;1,82E+18;;25;1;;;
Mon Aug 12 22:10:42 +0000 2024;1,82E+18;;3;3;;;
Mon Aug 12 22:10:13 +0000 2024;1,82E+18;;2;0;;;
Mon Aug 12 22:10:12 +0000 2024;1,82E+18;;2;0;;;
Mon Aug 12 22:10:09 +0000 2024;1,82E+18;;1;0;;;
Mon Aug 12 22:09:55 +0000 2024;1,82E+18;;14;0;;;
Mon Aug 12 22:09:55 +0000 2024;1,82E+18;;24;66;;;
Mon Aug 12 22:09:21 +0000 2024;1,82E+18;;17;2;;;
Mon Aug 12 22:08:40 +0000 2024;1,82E+18;;11;0;;;
Mon Aug 12 22:08:34 +0000 2024;1,82E+18;;44;172;;;
Mon Aug 12 22:08:21 +0000 2024;1,82E+18;;0;0;;;
Mon Aug 12 22:07:55 +0000 2024;1,82E+18;;254;75;;;
Mon Aug 12 22:07:55 +0000 2024;1,82E+18;;4;1;;;
Mon Aug 12 22:07:37 +0000 2024;1,82E+18;;0;0;;;
Mon Aug 12 22:07:34 +0000 2024;1,82E+18;;10;4;;;
Mon Aug 12 22:07:34 +0000 2024;1,82E+18;;6;1;;;
Mon Aug 12 22:07:31 +0000 2024;1,82E+18;;59;196;;;
Mon Aug 12 22:07:31 +0000 2024;1,82E+18;;0;0;;;
Mon Aug 12 22:07:23 +0000 2024;1,82E+18;;3;0;;;
Mon Aug 12 22:07:23 +0000 2024;1,82E+18;;10;1;;;
Mon Aug 12 22:07:17 +0000 2024;1,82E+18;;132;37;;;
Mon Aug 12 22:07:11 +0000 2024;1,82E+18;;6;4;;;
Mon Aug 12 22:07:03 +0000 2024;1,82E+18;;3;0;;;
Mon Aug 12 22:07:02 +0000 2024;1,82E+18;;7;2;;;
Mon Aug 12 22:07:00 +0000 2024;1,82E+18;;0;0;;;
Mon Aug 12 22:06:39 +0000 2024;1,82E+18;;0;0;;;
Mon Aug 12 22:06:38 +0000 2024;1,82E+18;;5;2;;;
Mon Aug 12 22:06:37 +0000 2024;1,82E+18;;0;0;;;
Mon Aug 12 22:06:28 +0000 2024;1,82E+18;;1;1;;;
Mon Aug 12 22:06:10 +0000 2024;1,82E+18;;0;0;;;
Mon Aug 12 22:06:00 +0000 2024;1,82E+18;;0;0;;;
Mon Aug 12 22:05:49 +0000 2024;1,82E+18;;7;1;;;
Mon Aug 12 22:05:43 +0000 2024;1,82E+18;;5;1;;;
Mon Aug 12 22:05:31 +0000 2024;1,82E+18;;0;0;;;
Mon Aug 12 22:05:30 +0000 2024;1,82E+18;;0;0;;;
Mon Aug 12 22:05:24 +0000 2024;1,82E+18;;1;0;;;
Mon Aug 12 22:05:20 +0000 2024;1,82E+18;;5;0;;;
Mon Aug 12 22:05:19 +0000 2024;1,82E+18;;1;0;;;
Mon Aug 12 22:05:07 +0000 2024;1,82E+18;;25;4;;;
Mon Aug 12 22:04:55 +0000 2024;1,82E+18;;0;0;;;
Mon Aug 12 22:04:54 +0000 2024;1,82E+18;;7;3;;;
Mon Aug 12 22:04:16 +0000 2024;1,82E+18;;77;6;;;
Mon Aug 12 22:04:14 +0000 2024;1,82E+18;;0;0;;;
Mon Aug 12 22:03:34 +0000 2024;1,82E+18;;39;18;;;
Mon Aug 12 22:03:08 +0000 2024;1,82E+18;;10;1;;;
Mon Aug 12 22:03:07 +0000 2024;1,82E+18;;0;0;;;
Mon Aug 12 22:03:06 +0000 2024;1,82E+18;;6;0;;;
Mon Aug 12 22:03:04 +0000 2024;1,82E+18;;5;0;;;
Mon Aug 12 22:02:56 +0000 2024;1,82E+18;;0;0;;;
Mon Aug 12 22:02:45 +0000 2024;1,82E+18;;7;1;;;
Mon Aug 12 22:02:38 +0000 2024;1,82E+18;;7;1;;;
Mon Aug 12 22:02:34 +0000 2024;1,82E+18;;1;0;;;
Mon Aug 12 22:02:20 +0000 2024;1,82E+18;;0;0;;;
Mon Aug 12 22:02:01 +0000 2024;1,82E+18;;2;0;;;
Mon Aug 12 22:01:53 +0000 2024;1,82E+18;;3;0;;;
Mon Aug 12 22:01:34 +0000 2024;1,82E+18;;7;1;;;
Mon Aug 12 22:01:32 +0000 2024;1,82E+18;;14;2;;;
Mon Aug 12 22:01:31 +0000 2024;1,82E+18;;1;3;;;
Mon Aug 12 22:01:22 +0000 2024;1,82E+18;;12;1;;;
Mon Aug 12 22:01:20 +0000 2024;1,82E+18;;13;2;;;
Mon Aug 12 22:01:18 +0000 2024;1,82E+18;;16;4;;;
Mon Aug 12 22:01:07 +0000 2024;1,82E+18;;7;3;;;
Mon Aug 12 22:01:04 +0000 2024;1,82E+18;;10;3;;;
Mon Aug 12 22:01:04 +0000 2024;1,82E+18;;0;0;;;
Mon Aug 12 22:01:00 +0000 2024;1,82E+18;;2;0;;;
Mon Aug 12 22:00:39 +0000 2024;1,82E+18;;1;0;;;
Mon Aug 12 22:00:38 +0000 2024;1,82E+18;;0;0;;;
Mon Aug 12 22:00:37 +0000 2024;1,82E+18;;2;0;;;
Mon Aug 12 22:00:30 +0000 2024;1,82E+18;;0;0;;;
Mon Aug 12 21:59:57 +0000 2024;1,82E+18;;0;0;;;
Mon Aug 12 21:59:54 +0000 2024;1,82E+18;;1;1;;;
Mon Aug 12 21:59:46 +0000 2024;1,82E+18;;6;5;;;
Mon Aug 12 21:59:42 +0000 2024;1,82E+18;;0;0;;;
Mon Aug 12 21:59:30 +0000 2024;1,82E+18;;15;1;;;
Mon Aug 12 21:59:16 +0000 2024;1,82E+18;;1;0;;;
Mon Aug 12 21:59:05 +0000 2024;1,82E+18;;5;0;;;
Mon Aug 12 21:59:03 +0000 2024;1,82E+18;;0;0;;;
Mon Aug 12 21:59:01 +0000 2024;1,82E+18;;1;0;;;
Mon Aug 12 21:59:00 +0000 2024;1,82E+18;;1;0;;;
Mon Aug 12 21:58:54 +0000 2024;1,82E+18;;7;0;;;
Mon Aug 12 21:58:41 +0000 2024;1,82E+18;;0;0;;;
Mon Aug 12 21:58:14 +0000 2024;1,82E+18;;17;1;;;
Mon Aug 12 21:57:39 +0000 2024;1,82E+18;;5;2;;;
Mon Aug 12 21:57:37 +0000 2024;1,82E+18;;8;0;;;
Mon Aug 12 21:57:36 +0000 2024;1,82E+18;;0;0;;;
Mon Aug 12 21:57:29 +0000 2024;1,82E+18;;1;0;;;
Mon Aug 12 21:57:22 +0000 2024;1,82E+18;;14;0;;;
Mon Aug 12 21:57:16 +0000 2024;1,82E+18;;0;0;;;
Mon Aug 12 21:56:48 +0000 2024;1,82E+18;;0;0;;;
Mon Aug 12 21:56:38 +0000 2024;1,82E+18;;5;1;;;
Mon Aug 12 21:56:17 +0000 2024;1,82E+18;;0;0;;;
Mon Aug 12 21:56:05 +0000 2024;1,82E+18;;14;5;;;
Mon Aug 12 21:56:05 +0000 2024;1,82E+18;;0;0;;;
Mon Aug 12 21:55:30 +0000 2024;1,82E+18;;4;0;;;
Mon Aug 12 21:55:21 +0000 2024;1,82E+18;;0;0;;;
Mon Aug 12 21:55:20 +0000 2024;1,82E+18;;7;1;;;
Mon Aug 12 21:54:47 +0000 2024;1,82E+18;;0;0;;;
Mon Aug 12 21:54:37 +0000 2024;1,82E+18;;0;0;;;
Mon Aug 12 21:54:27 +0000 2024;1,82E+18;;55;12;;;
Mon Aug 12 21:53:57 +0000 2024;1,82E+18;;6;1;;;
Mon Aug 12 21:53:43 +0000 2024;1,82E+18;;3;2;;;
Mon Aug 12 21:53:10 +0000 2024;1,82E+18;;9;3;;;
Mon Aug 12 21:53:00 +0000 2024;1,82E+18;;5;1;;;
Mon Aug 12 21:52:58 +0000 2024;1,82E+18;;1;1;;;
Mon Aug 12 21:52:38 +0000 2024;1,82E+18;;1;1;;;
Mon Aug 12 21:52:28 +0000 2024;1,82E+18;;1;0;;;
Mon Aug 12 21:52:24 +0000 2024;1,82E+18;;0;0;;;
Mon Aug 12 21:52:02 +0000 2024;1,82E+18;;3;0;;;
Mon Aug 12 21:51:59 +0000 2024;1,82E+18;;0;0;;;
Mon Aug 12 21:51:47 +0000 2024;1,82E+18;;6;0;;;
Mon Aug 12 21:51:45 +0000 2024;1,82E+18;;0;0;;;
Mon Aug 12 21:51:32 +0000 2024;1,82E+18;;6;0;;;
Mon Aug 12 21:51:19 +0000 2024;1,82E+18;;1;0;;;
Mon Aug 12 21:50:37 +0000 2024;1,82E+18;;0;0;;;
Mon Aug 12 21:50:24 +0000 2024;1,82E+18;;2;0;;;
Mon Aug 12 21:50:19 +0000 2024;1,82E+18;;1;0;;;
Mon Aug 12 21:50:16 +0000 2024;1,82E+18;;4;1;;;
Mon Aug 12 21:50:05 +0000 2024;1,82E+18;;0;0;;;
Mon Aug 12 21:49:54 +0000 2024;1,82E+18;;58;7;;;
Mon Aug 12 21:49:50 +0000 2024;1,82E+18;;1;0;;;
Mon Aug 12 21:49:46 +0000 2024;1,82E+18;;10;2;;;
Mon Aug 12 21:49:32 +0000 2024;1,82E+18;;2;0;;;
Mon Aug 12 21:49:26 +0000 2024;1,82E+18;;1;0;;;
Mon Aug 12 21:49:20 +0000 2024;1,82E+18;;7;1;;;
Mon Aug 12 21:49:12 +0000 2024;1,82E+18;;4;2;;;
Mon Aug 12 21:49:05 +0000 2024;1,82E+18;;3;0;;;
Mon Aug 12 21:49:02 +0000 2024;1,82E+18;;0;0;;;
Mon Aug 12 21:48:57 +0000 2024;1,82E+18;;2;0;;;
Mon Aug 12 21:48:50 +0000 2024;1,82E+18;;1;0;;;
Mon Aug 12 21:48:41 +0000 2024;1,82E+18;;27;18;;;
Mon Aug 12 21:48:10 +0000 2024;1,82E+18;;1;1;;;
Mon Aug 12 21:48:03 +0000 2024;1,82E+18;;0;0;;;
Mon Aug 12 21:47:31 +0000 2024;1,82E+18;;4;0;;;
Mon Aug 12 21:47:06 +0000 2024;1,82E+18;;0;0;;;
Mon Aug 12 21:47:05 +0000 2024;1,82E+18;;3;0;;;
Mon Aug 12 21:46:54 +0000 2024;1,82E+18;;8;4;;;
Mon Aug 12 21:46:53 +0000 2024;1,82E+18;;1;0;;;
Mon Aug 12 21:46:46 +0000 2024;1,82E+18;;2;0;;;
Mon Aug 12 21:46:46 +0000 2024;1,82E+18;;17;3;;;
Mon Aug 12 21:46:21 +0000 2024;1,82E+18;;0;0;;;
Mon Aug 12 21:45:58 +0000 2024;1,82E+18;;15;1;;;
Mon Aug 12 21:45:47 +0000 2024;1,82E+18;;2;1;;;
Mon Aug 12 21:44:54 +0000 2024;1,82E+18;;3;0;;;
Mon Aug 12 21:44:47 +0000 2024;1,82E+18;;3;0;;;
Mon Aug 12 21:44:29 +0000 2024;1,82E+18;;5;2;;;
Mon Aug 12 21:44:21 +0000 2024;1,82E+18;;3;1;;;
Mon Aug 12 21:44:16 +0000 2024;1,82E+18;;1;0;;;
Mon Aug 12 21:44:05 +0000 2024;1,82E+18;;4;1;;;
Mon Aug 12 21:43:59 +0000 2024;1,82E+18;;1;0;;;
Mon Aug 12 21:43:36 +0000 2024;1,82E+18;;4;0;;;
Mon Aug 12 21:43:31 +0000 2024;1,82E+18;;0;0;;;
Mon Aug 12 21:43:29 +0000 2024;1,82E+18;;0;0;;;
Mon Aug 12 21:43:17 +0000 2024;1,82E+18;;3;0;;;
Mon Aug 12 21:43:12 +0000 2024;1,82E+18;;0;0;;;
Mon Aug 12 21:42:53 +0000 2024;1,82E+18;;0;0;;;
Mon Aug 12 21:42:26 +0000 2024;1,82E+18;;1;0;;;
Mon Aug 12 21:42:14 +0000 2024;1,82E+18;;0;0;;;
Mon Aug 12 21:42:05 +0000 2024;1,82E+18;;0;0;;;
Mon Aug 12 21:42:01 +0000 2024;1,82E+18;;1;0;;;
Mon Aug 12 21:41:49 +0000 2024;1,82E+18;;161;26;;;
Mon Aug 12 21:41:28 +0000 2024;1,82E+18;;1;0;;;
Mon Aug 12 21:41:14 +0000 2024;1,82E+18;;0;0;;;
Mon Aug 12 21:40:47 +0000 2024;1,82E+18;;0;0;;;
Mon Aug 12 21:40:41 +0000 2024;1,82E+18;;2;0;;;
Mon Aug 12 21:40:25 +0000 2024;1,82E+18;;7;3;;;
Mon Aug 12 21:40:23 +0000 2024;1,82E+18;;0;1;;;
Mon Aug 12 21:40:05 +0000 2024;1,82E+18;;4;0;;;
Mon Aug 12 21:39:56 +0000 2024;1,82E+18;;1;0;;;
Mon Aug 12 21:39:45 +0000 2024;1,82E+18;;1;0;;;
Mon Aug 12 21:39:44 +0000 2024;1,82E+18;;13;1;;;
Mon Aug 12 21:39:44 +0000 2024;1,82E+18;;21;0;;;
Mon Aug 12 21:39:42 +0000 2024;1,82E+18;;0;0;;;
Mon Aug 12 21:39:38 +0000 2024;1,82E+18;;4;2;;;
Mon Aug 12 21:39:25 +0000 2024;1,82E+18;;4;2;;;
Mon Aug 12 21:39:20 +0000 2024;1,82E+18;;14;1;;;
Mon Aug 12 21:39:16 +0000 2024;1,82E+18;;6;1;;;
Mon Aug 12 21:39:06 +0000 2024;1,82E+18;;4;1;;;
Mon Aug 12 21:39:02 +0000 2024;1,82E+18;;9;1;;;
Mon Aug 12 21:38:51 +0000 2024;1,82E+18;;9;0;;;
Mon Aug 12 21:38:40 +0000 2024;1,82E+18;;1;0;;;
Mon Aug 12 21:38:25 +0000 2024;1,82E+18;;9;4;;;
Mon Aug 12 21:38:23 +0000 2024;1,82E+18;;1;0;;;
Mon Aug 12 21:38:21 +0000 2024;1,82E+18;;49;11;;;
Mon Aug 12 21:38:19 +0000 2024;1,82E+18;;2;1;;;
Mon Aug 12 21:38:16 +0000 2024;1,82E+18;;11;3;;;
Mon Aug 12 21:38:13 +0000 2024;1,82E+18;;0;0;;;
Mon Aug 12 21:38:03 +0000 2024;1,82E+18;;2;0;;;
Mon Aug 12 21:37:53 +0000 2024;1,82E+18;;56;4;;;
Mon Aug 12 21:37:53 +0000 2024;1,82E+18;;2;2;;;
Mon Aug 12 21:37:45 +0000 2024;1,82E+18;;77;28;;;
Mon Aug 12 21:37:22 +0000 2024;1,82E+18;;0;0;;;
Mon Aug 12 21:37:10 +0000 2024;1,82E+18;;0;0;;;
Mon Aug 12 21:37:02 +0000 2024;1,82E+18;;1;0;;;
Mon Aug 12 21:37:00 +0000 2024;1,82E+18;;4;0;;;
Mon Aug 12 21:36:46 +0000 2024;1,82E+18;;0;0;;;
Mon Aug 12 21:36:22 +0000 2024;1,82E+18;;4;0;;;
Mon Aug 12 21:36:16 +0000 2024;1,82E+18;;3;1;;;
Mon Aug 12 21:36:14 +0000 2024;1,82E+18;;1;0;;;
Mon Aug 12 21:36:06 +0000 2024;1,82E+18;;1;0;;;
Mon Aug 12 21:35:10 +0000 2024;1,82E+18;;8;1;;;
Mon Aug 12 21:34:53 +0000 2024;1,82E+18;;11;1;;;
Mon Aug 12 21:34:32 +0000 2024;1,82E+18;;3;1;;;
Mon Aug 12 21:34:27 +0000 2024;1,82E+18;;50;10;;;
Mon Aug 12 21:34:25 +0000 2024;1,82E+18;;2;0;;;
Mon Aug 12 21:34:19 +0000 2024;1,82E+18;;3;4;;;
Mon Aug 12 21:34:09 +0000 2024;1,82E+18;;1;0;;;
Mon Aug 12 21:34:05 +0000 2024;1,82E+18;;1;0;;;
Mon Aug 12 21:33:59 +0000 2024;1,82E+18;;0;0;;;
Mon Aug 12 21:33:37 +0000 2024;1,82E+18;;0;0;;;
Mon Aug 12 21:33:31 +0000 2024;1,82E+18;;2;0;;;
Mon Aug 12 21:33:25 +0000 2024;1,82E+18;;1;0;;;
Mon Aug 12 21:33:23 +0000 2024;1,82E+18;;1;1;;;
Mon Aug 12 21:33:16 +0000 2024;1,82E+18;;1;0;;;
Mon Aug 12 21:33:12 +0000 2024;1,82E+18;;0;0;;;
Mon Aug 12 21:33:12 +0000 2024;1,82E+18;;0;0;;;
Mon Aug 12 21:33:07 +0000 2024;1,82E+18;;0;0;;;
Mon Aug 12 21:33:02 +0000 2024;1,82E+18;;6;0;;;
Mon Aug 12 21:32:56 +0000 2024;1,82E+18;;3;1;;;
Mon Aug 12 21:32:24 +0000 2024;1,82E+18;;0;0;;;
Mon Aug 12 21:32:14 +0000 2024;1,82E+18;;1;0;;;
Mon Aug 12 21:32:12 +0000 2024;1,82E+18;;0;0;;;
Mon Aug 12 21:32:10 +0000 2024;1,82E+18;;0;0;;;
Mon Aug 12 21:31:48 +0000 2024;1,82E+18;;0;0;;;
Mon Aug 12 21:31:47 +0000 2024;1,82E+18;;0;0;;;
Mon Aug 12 21:31:47 +0000 2024;1,82E+18;;23;0;;;
Mon Aug 12 21:31:43 +0000 2024;1,82E+18;;0;0;;;
Mon Aug 12 21:31:06 +0000 2024;1,82E+18;;1;0;;;
Mon Aug 12 21:30:59 +0000 2024;1,82E+18;;0;0;;;
Mon Aug 12 21:30:53 +0000 2024;1,82E+18;;11;3;;;
Mon Aug 12 21:30:42 +0000 2024;1,82E+18;;5;4;;;
Mon Aug 12 21:30:39 +0000 2024;1,82E+18;;6;0;;;
Mon Aug 12 21:30:39 +0000 2024;1,82E+18;;4;1;;;
Mon Aug 12 21:30:32 +0000 2024;1,82E+18;;0;0;;;
Mon Aug 12 21:30:32 +0000 2024;1,82E+18;;1;1;;;
Mon Aug 12 21:30:26 +0000 2024;1,82E+18;;0;0;;;
Mon Aug 12 21:30:23 +0000 2024;1,82E+18;;2;0;;;
Mon Aug 12 21:30:11 +0000 2024;1,82E+18;;1;0;;;
Mon Aug 12 21:30:07 +0000 2024;1,82E+18;;0;0;;;
Mon Aug 12 21:30:03 +0000 2024;1,82E+18;;6;1;;;
Mon Aug 12 21:29:54 +0000 2024;1,82E+18;;0;0;;;
Mon Aug 12 21:29:53 +0000 2024;1,82E+18;;1;0;;;
Mon Aug 12 21:29:50 +0000 2024;1,82E+18;;0;0;;;
Mon Aug 12 21:29:44 +0000 2024;1,82E+18;;3;1;;;
Mon Aug 12 21:29:33 +0000 2024;1,82E+18;;9;3;;;
Mon Aug 12 21:29:29 +0000 2024;1,82E+18;;2;1;;;
Mon Aug 12 21:29:28 +0000 2024;1,82E+18;;3;2;;;
Mon Aug 12 21:29:28 +0000 2024;1,82E+18;;2;1;;;
Mon Aug 12 21:29:24 +0000 2024;1,82E+18;;3;0;;;
Mon Aug 12 21:29:11 +0000 2024;1,82E+18;;1;1;;;
Mon Aug 12 21:28:59 +0000 2024;1,82E+18;;0;0;;;
Mon Aug 12 21:28:43 +0000 2024;1,82E+18;;3;0;;;
Mon Aug 12 21:28:29 +0000 2024;1,82E+18;;2;0;;;
Mon Aug 12 21:28:27 +0000 2024;1,82E+18;;0;0;;;
Mon Aug 12 21:28:13 +0000 2024;1,82E+18;;81;11;;;
Mon Aug 12 21:28:11 +0000 2024;1,82E+18;;1;0;;;
Mon Aug 12 21:28:11 +0000 2024;1,82E+18;;0;0;;;
Mon Aug 12 21:28:04 +0000 2024;1,82E+18;;8;0;;;
Mon Aug 12 21:28:04 +0000 2024;1,82E+18;;0;0;;;
Mon Aug 12 21:27:36 +0000 2024;1,82E+18;;0;0;;;
Mon Aug 12 21:27:26 +0000 2024;1,82E+18;;1;0;;;
Mon Aug 12 21:27:24 +0000 2024;1,82E+18;;1;0;;;
Mon Aug 12 21:27:16 +0000 2024;1,82E+18;;0;0;;;
Mon Aug 12 21:27:04 +0000 2024;1,82E+18;;0;0;;;
Mon Aug 12 21:27:04 +0000 2024;1,82E+18;;0;0;;;
Mon Aug 12 21:27:02 +0000 2024;1,82E+18;;0;0;;;
Mon Aug 12 21:26:54 +0000 2024;1,82E+18;;0;0;;;
Mon Aug 12 21:26:53 +0000 2024;1,82E+18;;8;0;;;
Mon Aug 12 21:26:40 +0000 2024;1,82E+18;;5;2;;;
Mon Aug 12 21:25:55 +0000 2024;1,82E+18;;2;1;;;
Mon Aug 12 21:25:41 +0000 2024;1,82E+18;;10;1;;;
Mon Aug 12 21:25:38 +0000 2024;1,82E+18;;0;0;;;
Mon Aug 12 21:25:30 +0000 2024;1,82E+18;;9;5;;;
Mon Aug 12 21:25:28 +0000 2024;1,82E+18;;1;1;;;
Mon Aug 12 21:25:23 +0000 2024;1,82E+18;;0;0;;;
Mon Aug 12 21:24:30 +0000 2024;1,82E+18;;5;0;;;
Mon Aug 12 21:24:30 +0000 2024;1,82E+18;;1;0;;;
Mon Aug 12 21:24:11 +0000 2024;1,82E+18;;0;0;;;
Mon Aug 12 21:23:56 +0000 2024;1,82E+18;;1;0;;;
Mon Aug 12 21:23:54 +0000 2024;1,82E+18;;3;0;;;
Mon Aug 12 21:23:23 +0000 2024;1,82E+18;;0;0;;;
Mon Aug 12 21:23:13 +0000 2024;1,82E+18;;0;0;;;
Mon Aug 12 21:23:08 +0000 2024;1,82E+18;;4;0;;;
Mon Aug 12 21:22:23 +0000 2024;1,82E+18;;0;0;;;
Mon Aug 12 21:22:16 +0000 2024;1,82E+18;;6;3;;;
Mon Aug 12 21:22:02 +0000 2024;1,82E+18;;0;0;;;
Mon Aug 12 21:21:52 +0000 2024;1,82E+18;;0;0;;;
Mon Aug 12 21:21:46 +0000 2024;1,82E+18;;1;1;;;
Mon Aug 12 21:21:10 +0000 2024;1,82E+18;;0;0;;;
Mon Aug 12 21:21:08 +0000 2024;1,82E+18;;2;0;;;
Mon Aug 12 21:20:54 +0000 2024;1,82E+18;;1;0;;;
Mon Aug 12 21:20:47 +0000 2024;1,82E+18;;3;0;;;
Mon Aug 12 21:20:47 +0000 2024;1,82E+18;;34;2;;;
Mon Aug 12 21:20:45 +0000 2024;1,82E+18;;0;0;;;
Mon Aug 12 21:20:17 +0000 2024;1,82E+18;;0;0;;;
Mon Aug 12 21:20:09 +0000 2024;1,82E+18;;1;0;;;
Mon Aug 12 21:19:50 +0000 2024;1,82E+18;;186;47;;;
Mon Aug 12 21:19:44 +0000 2024;1,82E+18;;0;0;;;
Mon Aug 12 21:19:34 +0000 2024;1,82E+18;;0;0;;;
Mon Aug 12 21:19:31 +0000 2024;1,82E+18;;1;0;;;
Mon Aug 12 21:19:24 +0000 2024;1,82E+18;;0;0;;;
Mon Aug 12 21:19:22 +0000 2024;1,82E+18;;3;0;;;
Mon Aug 12 21:19:12 +0000 2024;1,82E+18;;9;0;;;
Mon Aug 12 21:19:08 +0000 2024;1,82E+18;;1;0;;;
Mon Aug 12 21:19:06 +0000 2024;1,82E+18;;2;2;;;
Mon Aug 12 21:19:02 +0000 2024;1,82E+18;;3;1;;;
Mon Aug 12 21:19:00 +0000 2024;1,82E+18;;1;0;;;
Mon Aug 12 21:18:59 +0000 2024;1,82E+18;;0;0;;;
Mon Aug 12 21:18:55 +0000 2024;1,82E+18;;32;16;;;
Mon Aug 12 21:18:55 +0000 2024;1,82E+18;;2;0;;;
Mon Aug 12 21:18:52 +0000 2024;1,82E+18;;0;0;;;
Mon Aug 12 21:18:50 +0000 2024;1,82E+18;;5;0;;;
Mon Aug 12 21:18:43 +0000 2024;1,82E+18;;1;0;;;
Mon Aug 12 21:18:25 +0000 2024;1,82E+18;;1;0;;;
Mon Aug 12 21:18:21 +0000 2024;1,82E+18;;1;0;;;
Mon Aug 12 21:18:16 +0000 2024;1,82E+18;;0;0;;;
Mon Aug 12 21:18:13 +0000 2024;1,82E+18;;0;0;;;
Mon Aug 12 21:18:12 +0000 2024;1,82E+18;;1;1;;;
Mon Aug 12 21:18:12 +0000 2024;1,82E+18;;4;0;;;
Mon Aug 12 21:18:11 +0000 2024;1,82E+18;;1;0;;;
Mon Aug 12 21:18:10 +0000 2024;1,82E+18;;5;0;;;
Mon Aug 12 21:18:08 +0000 2024;1,82E+18;;1;0;;;
Mon Aug 12 21:18:08 +0000 2024;1,82E+18;;93;35;;;
Mon Aug 12 21:18:06 +0000 2024;1,82E+18;;4;2;;;
Mon Aug 12 21:17:56 +0000 2024;1,82E+18;;4;0;;;
Mon Aug 12 21:17:51 +0000 2024;1,82E+18;;3;1;;;
Mon Aug 12 21:17:33 +0000 2024;1,82E+18;;0;0;;;
Mon Aug 12 21:17:16 +0000 2024;1,82E+18;;0;0;;;
Mon Aug 12 21:17:14 +0000 2024;1,82E+18;;0;0;;;
Mon Aug 12 21:17:08 +0000 2024;1,82E+18;;13;9;;;
Mon Aug 12 21:16:57 +0000 2024;1,82E+18;;5;0;;;
Mon Aug 12 21:16:55 +0000 2024;1,82E+18;;10;1;;;
Mon Aug 12 21:16:48 +0000 2024;1,82E+18;;0;0;;;
Mon Aug 12 21:16:42 +0000 2024;1,82E+18;;7;1;;;
Mon Aug 12 21:16:39 +0000 2024;1,82E+18;;1;0;;;
Mon Aug 12 21:16:38 +0000 2024;1,82E+18;;30;4;;;
Mon Aug 12 21:16:28 +0000 2024;1,82E+18;;601;74;;;
Mon Aug 12 21:16:25 +0000 2024;1,82E+18;;24;4;;;
Mon Aug 12 21:16:16 +0000 2024;1,82E+18;;20;5;;;
Mon Aug 12 21:16:15 +0000 2024;1,82E+18;;5;0;;;
Mon Aug 12 21:15:52 +0000 2024;1,82E+18;;2;0;;;
Mon Aug 12 21:15:51 +0000 2024;1,82E+18;;1;0;;;
Mon Aug 12 21:15:42 +0000 2024;1,82E+18;;17;8;;;
Mon Aug 12 21:15:36 +0000 2024;1,82E+18;;0;0;;;
Mon Aug 12 21:15:08 +0000 2024;1,82E+18;;0;0;;;
Mon Aug 12 21:14:59 +0000 2024;1,82E+18;;1;0;;;
Mon Aug 12 21:14:53 +0000 2024;1,82E+18;;2;0;;;
Mon Aug 12 21:14:53 +0000 2024;1,82E+18;;0;0;;;
Mon Aug 12 21:14:22 +0000 2024;1,82E+18;;5;1;;;
Mon Aug 12 21:14:15 +0000 2024;1,82E+18;;12;2;;;
Mon Aug 12 21:14:13 +0000 2024;1,82E+18;;1;0;;;
Mon Aug 12 21:14:04 +0000 2024;1,82E+18;;1;0;;;
Mon Aug 12 21:14:02 +0000 2024;1,82E+18;;2;0;;;
Mon Aug 12 21:13:58 +0000 2024;1,82E+18;;0;0;;;
Mon Aug 12 21:13:52 +0000 2024;1,82E+18;;2;0;;;
Mon Aug 12 21:13:51 +0000 2024;1,82E+18;;0;0;;;
Mon Aug 12 21:13:13 +0000 2024;1,82E+18;;1;0;;;
Mon Aug 12 21:13:12 +0000 2024;1,82E+18;;2;1;;;
Mon Aug 12 21:13:09 +0000 2024;1,82E+18;;1;1;;;
Mon Aug 12 21:12:54 +0000 2024;1,82E+18;;0;0;;;
Mon Aug 12 21:12:47 +0000 2024;1,82E+18;;1;0;;;
Mon Aug 12 21:12:44 +0000 2024;1,82E+18;;2;0;;;
Mon Aug 12 21:12:43 +0000 2024;1,82E+18;;315;50;;;
Mon Aug 12 21:12:42 +0000 2024;1,82E+18;;3;1;;;
Mon Aug 12 21:12:40 +0000 2024;1,82E+18;;9;2;;;
Mon Aug 12 21:12:36 +0000 2024;1,82E+18;;1;0;;;
Mon Aug 12 21:12:35 +0000 2024;1,82E+18;;26;4;;;
Mon Aug 12 21:12:30 +0000 2024;1,82E+18;;0;0;;;
Mon Aug 12 21:12:29 +0000 2024;1,82E+18;;0;0;;;
Mon Aug 12 21:12:23 +0000 2024;1,82E+18;;4;0;;;
Mon Aug 12 21:12:16 +0000 2024;1,82E+18;;212;190;;;
Mon Aug 12 21:12:13 +0000 2024;1,82E+18;;0;0;;;
Mon Aug 12 21:12:10 +0000 2024;1,82E+18;;1;0;;;
Mon Aug 12 21:11:58 +0000 2024;1,82E+18;;1;0;;;
Mon Aug 12 21:11:56 +0000 2024;1,82E+18;;9;0;;;
Mon Aug 12 21:11:51 +0000 2024;1,82E+18;;33;1;;;
Mon Aug 12 21:11:50 +0000 2024;1,82E+18;;54;14;;;
Mon Aug 12 21:11:49 +0000 2024;1,82E+18;;0;0;;;
Mon Aug 12 21:11:43 +0000 2024;1,82E+18;;8;1;;;
Mon Aug 12 21:11:29 +0000 2024;1,82E+18;;5;0;;;
Mon Aug 12 21:11:28 +0000 2024;1,82E+18;;20;7;;;
Mon Aug 12 21:11:22 +0000 2024;1,82E+18;;0;1;;;
Mon Aug 12 21:11:19 +0000 2024;1,82E+18;;0;0;;;
Mon Aug 12 21:11:11 +0000 2024;1,82E+18;;3;0;;;
Mon Aug 12 21:11:08 +0000 2024;1,82E+18;;0;0;;;
Mon Aug 12 21:11:00 +0000 2024;1,82E+18;;1;0;;;
Mon Aug 12 21:10:50 +0000 2024;1,82E+18;;1;0;;;
Mon Aug 12 21:10:49 +0000 2024;1,82E+18;;3;0;;;
Mon Aug 12 21:10:46 +0000 2024;1,82E+18;;1;0;;;
Mon Aug 12 21:10:43 +0000 2024;1,82E+18;;5;3;;;
Mon Aug 12 21:10:36 +0000 2024;1,82E+18;;0;0;;;
Mon Aug 12 21:10:33 +0000 2024;1,82E+18;;0;0;;;
Mon Aug 12 21:10:30 +0000 2024;1,82E+18;;0;0;;;
Mon Aug 12 21:10:25 +0000 2024;1,82E+18;;0;0;;;
Mon Aug 12 21:10:13 +0000 2024;1,82E+18;;1;0;;;
Mon Aug 12 21:10:11 +0000 2024;1,82E+18;;1;0;;;
Mon Aug 12 21:10:09 +0000 2024;1,82E+18;;0;0;;;
Mon Aug 12 21:10:00 +0000 2024;1,82E+18;;4;0;;;
Mon Aug 12 21:09:58 +0000 2024;1,82E+18;;1;0;;;
Mon Aug 12 21:09:51 +0000 2024;1,82E+18;;188;18;;;
Mon Aug 12 21:09:48 +0000 2024;1,82E+18;;2;0;;;
Mon Aug 12 21:09:47 +0000 2024;1,82E+18;;0;0;;;
Mon Aug 12 21:09:43 +0000 2024;1,82E+18;;8;3;;;
Mon Aug 12 21:09:35 +0000 2024;1,82E+18;;5;2;;;
Mon Aug 12 21:09:34 +0000 2024;1,82E+18;;6;0;;;
Mon Aug 12 21:09:32 +0000 2024;1,82E+18;;0;0;;;
Mon Aug 12 21:09:15 +0000 2024;1,82E+18;;0;0;;;
Mon Aug 12 21:09:12 +0000 2024;1,82E+18;;0;0;;;
Mon Aug 12 21:09:09 +0000 2024;1,82E+18;;0;0;;;
Mon Aug 12 21:09:05 +0000 2024;1,82E+18;;1;4;;;
Mon Aug 12 21:09:03 +0000 2024;1,82E+18;;0;0;;;
Mon Aug 12 21:08:49 +0000 2024;1,82E+18;;0;0;;;
Mon Aug 12 21:08:45 +0000 2024;1,82E+18;;3;2;;;
Mon Aug 12 21:08:30 +0000 2024;1,82E+18;;0;0;;;
Mon Aug 12 21:08:26 +0000 2024;1,82E+18;;15;10;;;
Mon Aug 12 21:08:22 +0000 2024;1,82E+18;;4;1;;;
Mon Aug 12 21:08:18 +0000 2024;1,82E+18;;1;6;;;
Mon Aug 12 21:08:10 +0000 2024;1,82E+18;;0;0;;;
Mon Aug 12 21:07:59 +0000 2024;1,82E+18;;8;2;;;
Mon Aug 12 21:07:50 +0000 2024;1,82E+18;;1;0;;;
Mon Aug 12 21:07:50 +0000 2024;1,82E+18;;8;0;;;
Mon Aug 12 21:07:47 +0000 2024;1,82E+18;;13;1;;;
Mon Aug 12 21:07:42 +0000 2024;1,82E+18;;2;0;;;
Mon Aug 12 21:07:32 +0000 2024;1,82E+18;;0;0;;;
Mon Aug 12 21:07:22 +0000 2024;1,82E+18;;22;5;;;
Mon Aug 12 21:07:19 +0000 2024;1,82E+18;;0;0;;;
Mon Aug 12 21:07:15 +0000 2024;1,82E+18;;1;0;;;
Mon Aug 12 21:07:07 +0000 2024;1,82E+18;;0;0;;;
Mon Aug 12 21:07:00 +0000 2024;1,82E+18;;0;0;;;
Mon Aug 12 21:06:40 +0000 2024;1,82E+18;;11;4;;;
Mon Aug 12 21:06:25 +0000 2024;1,82E+18;;1;0;;;
Mon Aug 12 21:06:22 +0000 2024;1,82E+18;;2;0;;;
Mon Aug 12 21:06:22 +0000 2024;1,82E+18;;3;0;;;
Mon Aug 12 21:06:12 +0000 2024;1,82E+18;;0;0;;;
Mon Aug 12 21:06:10 +0000 2024;1,82E+18;;47;9;;;
Mon Aug 12 21:06:10 +0000 2024;1,82E+18;;0;0;;;
Mon Aug 12 21:06:04 +0000 2024;1,82E+18;;0;0;;;
Mon Aug 12 21:05:56 +0000 2024;1,82E+18;;0;0;;;
Mon Aug 12 21:05:55 +0000 2024;1,82E+18;;27;7;;;
Mon Aug 12 21:05:53 +0000 2024;1,82E+18;;1;0;;;
Mon Aug 12 21:05:49 +0000 2024;1,82E+18;;12;0;;;
Mon Aug 12 21:05:35 +0000 2024;1,82E+18;;12;1;;;
Mon Aug 12 21:05:29 +0000 2024;1,82E+18;;2;0;;;
Mon Aug 12 21:05:29 +0000 2024;1,82E+18;;0;0;;;
Mon Aug 12 21:05:28 +0000 2024;1,82E+18;;2;0;;;
Mon Aug 12 21:05:21 +0000 2024;1,82E+18;;0;0;;;
Mon Aug 12 21:05:05 +0000 2024;1,82E+18;;3;0;;;
Mon Aug 12 21:04:45 +0000 2024;1,82E+18;;11;0;;;
Mon Aug 12 21:04:27 +0000 2024;1,82E+18;;11;5;;;
Mon Aug 12 21:04:26 +0000 2024;1,82E+18;;11;0;;;
Mon Aug 12 21:04:25 +0000 2024;1,82E+18;;57;16;;;
Mon Aug 12 21:04:22 +0000 2024;1,82E+18;;5;1;;;
Mon Aug 12 21:04:21 +0000 2024;1,82E+18;;3;0;;;
Mon Aug 12 21:04:19 +0000 2024;1,82E+18;;0;0;;;
Mon Aug 12 21:04:19 +0000 2024;1,82E+18;;0;0;;;
Mon Aug 12 21:04:16 +0000 2024;1,82E+18;;3;0;;;
Mon Aug 12 21:04:11 +0000 2024;1,82E+18;;2;0;;;
Mon Aug 12 21:04:01 +0000 2024;1,82E+18;;1;0;;;
Mon Aug 12 21:03:55 +0000 2024;1,82E+18;;0;0;;;
Mon Aug 12 21:03:37 +0000 2024;1,82E+18;;2;0;;;
Mon Aug 12 21:03:34 +0000 2024;1,82E+18;;0;0;;;
Mon Aug 12 21:03:28 +0000 2024;1,82E+18;;3;1;;;
Mon Aug 12 21:02:58 +0000 2024;1,82E+18;;3;0;;;
Mon Aug 12 21:02:48 +0000 2024;1,82E+18;;3;0;;;
Mon Aug 12 21:02:44 +0000 2024;1,82E+18;;1;0;;;
Mon Aug 12 21:02:43 +0000 2024;1,82E+18;;12;1;;;
Mon Aug 12 21:02:43 +0000 2024;1,82E+18;;7;0;;;
Mon Aug 12 21:02:32 +0000 2024;1,82E+18;;0;0;;;
Mon Aug 12 21:02:28 +0000 2024;1,82E+18;;0;0;;;
Mon Aug 12 21:02:09 +0000 2024;1,82E+18;;1;0;;;
Mon Aug 12 21:02:05 +0000 2024;1,82E+18;;2;0;;;
Mon Aug 12 21:02:03 +0000 2024;1,82E+18;;1;0;;;
Mon Aug 12 21:01:59 +0000 2024;1,82E+18;;0;2;;;
Mon Aug 12 21:01:55 +0000 2024;1,82E+18;;0;0;;;
Mon Aug 12 21:01:53 +0000 2024;1,82E+18;;2;0;;;
Mon Aug 12 21:01:52 +0000 2024;1,82E+18;;1;0;;;
Mon Aug 12 21:01:38 +0000 2024;1,82E+18;;5;1;;;
Mon Aug 12 21:01:32 +0000 2024;1,82E+18;;0;0;;;
Mon Aug 12 21:01:26 +0000 2024;1,82E+18;;0;0;;;
Mon Aug 12 21:01:23 +0000 2024;1,82E+18;;0;0;;;
Mon Aug 12 21:01:22 +0000 2024;1,82E+18;;0;0;;;
Mon Aug 12 21:01:14 +0000 2024;1,82E+18;;2;0;;;
Mon Aug 12 21:01:12 +0000 2024;1,82E+18;;8;0;;;
Mon Aug 12 21:00:58 +0000 2024;1,82E+18;;2;0;;;
Mon Aug 12 21:00:55 +0000 2024;1,82E+18;;0;0;;;
Mon Aug 12 21:00:45 +0000 2024;1,82E+18;;0;0;;;
Mon Aug 12 21:00:44 +0000 2024;1,82E+18;;0;0;;;
Mon Aug 12 21:00:38 +0000 2024;1,82E+18;;11;2;;;
Mon Aug 12 21:00:29 +0000 2024;1,82E+18;;11;2;;;
Mon Aug 12 21:00:28 +0000 2024;1,82E+18;;4;0;;;
Mon Aug 12 21:00:11 +0000 2024;1,82E+18;;1;0;;;
Mon Aug 12 21:00:06 +0000 2024;1,82E+18;;0;0;;;
Mon Aug 12 21:00:03 +0000 2024;1,82E+18;;0;0;;;
Mon Aug 12 21:00:00 +0000 2024;1,82E+18;;5;1;;;
Mon Aug 12 20:59:45 +0000 2024;1,82E+18;;1;0;;;
Mon Aug 12 20:59:35 +0000 2024;1,82E+18;;2;0;;;
Mon Aug 12 20:59:07 +0000 2024;1,82E+18;;3;0;;;
Mon Aug 12 20:59:05 +0000 2024;1,82E+18;;4;0;;;
Mon Aug 12 20:59:01 +0000 2024;1,82E+18;;1;0;;;
Mon Aug 12 20:58:56 +0000 2024;1,82E+18;;1;0;;;
Mon Aug 12 20:58:52 +0000 2024;1,82E+18;;0;0;;;
Mon Aug 12 20:58:48 +0000 2024;1,82E+18;;0;0;;;
Mon Aug 12 20:58:45 +0000 2024;1,82E+18;;13;4;;;
Mon Aug 12 20:58:43 +0000 2024;1,82E+18;;5;2;;;
Mon Aug 12 20:58:42 +0000 2024;1,82E+18;;1;0;;;
Mon Aug 12 20:58:00 +0000 2024;1,82E+18;;2;0;;;
Mon Aug 12 20:57:56 +0000 2024;1,82E+18;;0;0;;;
Mon Aug 12 20:57:45 +0000 2024;1,82E+18;;11;8;;;
Mon Aug 12 20:57:40 +0000 2024;1,82E+18;;0;0;;;
Mon Aug 12 20:57:40 +0000 2024;1,82E+18;;0;0;;;
Mon Aug 12 20:57:29 +0000 2024;1,82E+18;;0;0;;;
Mon Aug 12 20:57:28 +0000 2024;1,82E+18;;22;4;;;
Mon Aug 12 20:57:21 +0000 2024;1,82E+18;;0;0;;;
Mon Aug 12 20:56:50 +0000 2024;1,82E+18;;2;0;;;
Mon Aug 12 20:56:49 +0000 2024;1,82E+18;;1;1;;;
Mon Aug 12 20:56:41 +0000 2024;1,82E+18;;1;0;;;
Mon Aug 12 20:56:36 +0000 2024;1,82E+18;;1;0;;;
Mon Aug 12 20:56:15 +0000 2024;1,82E+18;;1;0;;;
Mon Aug 12 20:56:03 +0000 2024;1,82E+18;;0;0;;;
Mon Aug 12 20:56:02 +0000 2024;1,82E+18;;7;4;;;
Mon Aug 12 20:55:59 +0000 2024;1,82E+18;;0;0;;;
Mon Aug 12 20:55:55 +0000 2024;1,82E+18;;2;1;;;
Mon Aug 12 20:55:51 +0000 2024;1,82E+18;;7;0;;;
Mon Aug 12 20:55:49 +0000 2024;1,82E+18;;0;1;;;
Mon Aug 12 20:55:41 +0000 2024;1,82E+18;;29;2;;;
Mon Aug 12 20:55:38 +0000 2024;1,82E+18;;0;0;;;
Mon Aug 12 20:55:30 +0000 2024;1,82E+18;;221;26;;;
Mon Aug 12 20:55:26 +0000 2024;1,82E+18;;0;0;;;
Mon Aug 12 20:55:26 +0000 2024;1,82E+18;;17;2;;;
Mon Aug 12 20:55:18 +0000 2024;1,82E+18;;5;0;;;
Mon Aug 12 20:55:16 +0000 2024;1,82E+18;;2;0;;;
Mon Aug 12 20:55:12 +0000 2024;1,82E+18;;2;0;;;
Mon Aug 12 20:55:09 +0000 2024;1,82E+18;;0;0;;;
Mon Aug 12 20:54:56 +0000 2024;1,82E+18;;0;0;;;
Mon Aug 12 20:54:40 +0000 2024;1,82E+18;;0;0;;;
Mon Aug 12 20:54:33 +0000 2024;1,82E+18;;0;0;;;
Mon Aug 12 20:54:11 +0000 2024;1,82E+18;;0;0;;;
Mon Aug 12 20:54:09 +0000 2024;1,82E+18;;10;4;;;
Mon Aug 12 20:54:01 +0000 2024;1,82E+18;;1;0;;;
Mon Aug 12 20:53:59 +0000 2024;1,82E+18;;13;7;;;
Mon Aug 12 20:53:59 +0000 2024;1,82E+18;;0;0;;;
Mon Aug 12 20:53:57 +0000 2024;1,82E+18;;3;2;;;
Mon Aug 12 20:53:53 +0000 2024;1,82E+18;;1;0;;;
Mon Aug 12 20:53:51 +0000 2024;1,82E+18;;29;12;;;
Mon Aug 12 20:53:50 +0000 2024;1,82E+18;;0;0;;;
Mon Aug 12 20:53:45 +0000 2024;1,82E+18;;5;1;;;
Mon Aug 12 20:53:35 +0000 2024;1,82E+18;;0;0;;;
Mon Aug 12 20:53:33 +0000 2024;1,82E+18;;4;1;;;
Mon Aug 12 20:53:30 +0000 2024;1,82E+18;;0;0;;;
Mon Aug 12 20:53:26 +0000 2024;1,82E+18;;2;1;;;
Mon Aug 12 20:53:20 +0000 2024;1,82E+18;;0;0;;;
Mon Aug 12 20:53:13 +0000 2024;1,82E+18;;1;0;;;
Mon Aug 12 20:53:13 +0000 2024;1,82E+18;;7;1;;;
Mon Aug 12 20:52:55 +0000 2024;1,82E+18;;6;1;;;
Mon Aug 12 20:52:50 +0000 2024;1,82E+18;;5;3;;;
Mon Aug 12 20:52:47 +0000 2024;1,82E+18;;1;0;;;
Mon Aug 12 20:52:40 +0000 2024;1,82E+18;;2;0;;;
Mon Aug 12 20:52:27 +0000 2024;1,82E+18;;5;0;;;
Mon Aug 12 20:52:24 +0000 2024;1,82E+18;;4;0;;;
Mon Aug 12 20:52:16 +0000 2024;1,82E+18;;1;0;;;
Mon Aug 12 20:51:52 +0000 2024;1,82E+18;;287;32;;;
Mon Aug 12 20:51:48 +0000 2024;1,82E+18;;2;2;;;
Mon Aug 12 20:51:34 +0000 2024;1,82E+18;;0;0;;;
Mon Aug 12 20:51:34 +0000 2024;1,82E+18;;574;101;;;
Mon Aug 12 20:51:13 +0000 2024;1,82E+18;;1;0;;;
Mon Aug 12 20:51:12 +0000 2024;1,82E+18;;0;0;;;
Mon Aug 12 20:51:09 +0000 2024;1,82E+18;;8;1;;;
Mon Aug 12 20:51:08 +0000 2024;1,82E+18;;5;0;;;
Mon Aug 12 20:51:00 +0000 2024;1,82E+18;;9;1;;;
Mon Aug 12 20:50:56 +0000 2024;1,82E+18;;2;0;;;
Mon Aug 12 20:50:51 +0000 2024;1,82E+18;;0;0;;;
Mon Aug 12 20:50:43 +0000 2024;1,82E+18;;0;0;;;
Mon Aug 12 20:50:33 +0000 2024;1,82E+18;;1;0;;;
Mon Aug 12 20:50:31 +0000 2024;1,82E+18;;2;3;;;
Mon Aug 12 20:50:24 +0000 2024;1,82E+18;;0;0;;;
Mon Aug 12 20:50:19 +0000 2024;1,82E+18;;0;0;;;
Mon Aug 12 20:50:06 +0000 2024;1,82E+18;;2;0;;;
Mon Aug 12 20:50:03 +0000 2024;1,82E+18;;3;0;;;
Mon Aug 12 20:50:01 +0000 2024;1,82E+18;;0;0;;;
Mon Aug 12 20:50:01 +0000 2024;1,82E+18;;10;0;;;
Mon Aug 12 20:50:00 +0000 2024;1,82E+18;;1;0;;;
Mon Aug 12 20:50:00 +0000 2024;1,82E+18;;1;1;;;
Mon Aug 12 20:49:56 +0000 2024;1,82E+18;;4;3;;;
Mon Aug 12 20:49:53 +0000 2024;1,82E+18;;3;0;;;
Mon Aug 12 20:49:52 +0000 2024;1,82E+18;;55;10;;;
Mon Aug 12 20:49:42 +0000 2024;1,82E+18;;95;21;;;
Mon Aug 12 20:49:37 +0000 2024;1,82E+18;;3;1;;;
Mon Aug 12 20:49:30 +0000 2024;1,82E+18;;0;0;;;
Mon Aug 12 20:49:28 +0000 2024;1,82E+18;;0;0;;;
Mon Aug 12 20:49:27 +0000 2024;1,82E+18;;15;3;;;
Mon Aug 12 20:49:26 +0000 2024;1,82E+18;;0;0;;;
Mon Aug 12 20:49:12 +0000 2024;1,82E+18;;24;1;;;
Mon Aug 12 20:49:10 +0000 2024;1,82E+18;;0;0;;;
Mon Aug 12 20:48:58 +0000 2024;1,82E+18;;13;7;;;
Mon Aug 12 20:48:48 +0000 2024;1,82E+18;;0;0;;;
Mon Aug 12 20:48:45 +0000 2024;1,82E+18;;5;2;;;
Mon Aug 12 20:48:40 +0000 2024;1,82E+18;;27;7;;;
Mon Aug 12 20:48:38 +0000 2024;1,82E+18;;136;28;;;
Mon Aug 12 20:48:37 +0000 2024;1,82E+18;;34;3;;;
Mon Aug 12 20:48:33 +0000 2024;1,82E+18;;12;3;;;
Mon Aug 12 20:48:28 +0000 2024;1,82E+18;;9;2;;;
Mon Aug 12 20:48:19 +0000 2024;1,82E+18;;45;12;;;
Mon Aug 12 20:48:11 +0000 2024;1,82E+18;;5;0;;;
Mon Aug 12 20:48:05 +0000 2024;1,82E+18;;0;1;;;
Mon Aug 12 20:47:59 +0000 2024;1,82E+18;;3;2;;;
Mon Aug 12 20:47:57 +0000 2024;1,82E+18;;12;3;;;
Mon Aug 12 20:47:47 +0000 2024;1,82E+18;;16;5;;;
Mon Aug 12 20:47:41 +0000 2024;1,82E+18;;2;0;;;
Mon Aug 12 20:47:23 +0000 2024;1,82E+18;;0;0;;;
Mon Aug 12 20:47:05 +0000 2024;1,82E+18;;2;0;;;
Mon Aug 12 20:46:54 +0000 2024;1,82E+18;;4;1;;;
Mon Aug 12 20:46:46 +0000 2024;1,82E+18;;2;0;;;
Mon Aug 12 20:46:36 +0000 2024;1,82E+18;;0;0;;;
Mon Aug 12 20:46:24 +0000 2024;1,82E+18;;2;2;;;
Mon Aug 12 20:46:17 +0000 2024;1,82E+18;;2;0;;;
Mon Aug 12 20:46:10 +0000 2024;1,82E+18;;0;0;;;
Mon Aug 12 20:46:10 +0000 2024;1,82E+18;;0;0;;;
Mon Aug 12 20:45:46 +0000 2024;1,82E+18;;1;0;;;
Mon Aug 12 20:45:45 +0000 2024;1,82E+18;;0;0;;;
Mon Aug 12 20:45:33 +0000 2024;1,82E+18;;1;0;;;
Mon Aug 12 20:45:05 +0000 2024;1,82E+18;;2;0;;;
Mon Aug 12 20:45:02 +0000 2024;1,82E+18;;6;0;;;
Mon Aug 12 20:44:58 +0000 2024;1,82E+18;;3;0;;;
Mon Aug 12 20:44:54 +0000 2024;1,82E+18;;2;0;;;
Mon Aug 12 20:44:35 +0000 2024;1,82E+18;;0;0;;;
Mon Aug 12 20:44:28 +0000 2024;1,82E+18;;31;27;;;
Mon Aug 12 20:44:27 +0000 2024;1,82E+18;;1;0;;;
Mon Aug 12 20:44:14 +0000 2024;1,82E+18;;2;2;;;
Mon Aug 12 20:44:14 +0000 2024;1,82E+18;;5;1;;;
Mon Aug 12 20:44:09 +0000 2024;1,82E+18;;13;3;;;
Mon Aug 12 20:44:08 +0000 2024;1,82E+18;;8;0;;;
Mon Aug 12 20:44:03 +0000 2024;1,82E+18;;6;0;;;
Mon Aug 12 20:44:02 +0000 2024;1,82E+18;;7;1;;;
Mon Aug 12 20:43:59 +0000 2024;1,82E+18;;1;0;;;
Mon Aug 12 20:43:57 +0000 2024;1,82E+18;;15;2;;;
Mon Aug 12 20:43:41 +0000 2024;1,82E+18;;3;0;;;
Mon Aug 12 20:43:36 +0000 2024;1,82E+18;;0;0;;;
Mon Aug 12 20:43:24 +0000 2024;1,82E+18;;1;0;;;
Mon Aug 12 20:43:21 +0000 2024;1,82E+18;;2;0;;;
Mon Aug 12 20:43:16 +0000 2024;1,82E+18;;45;38;;;
Mon Aug 12 20:43:11 +0000 2024;1,82E+18;;1;0;;;
Mon Aug 12 20:42:54 +0000 2024;1,82E+18;;1;0;;;
Mon Aug 12 20:42:51 +0000 2024;1,82E+18;;1;0;;;
Mon Aug 12 20:42:21 +0000 2024;1,82E+18;;1;1;;;
Mon Aug 12 20:42:12 +0000 2024;1,82E+18;;2;0;;;
Mon Aug 12 20:42:09 +0000 2024;1,82E+18;;67;10;;;
Mon Aug 12 20:42:06 +0000 2024;1,82E+18;;0;0;;;
Mon Aug 12 20:42:04 +0000 2024;1,82E+18;;2;1;;;
Mon Aug 12 20:41:45 +0000 2024;1,82E+18;;6;0;;;
Mon Aug 12 20:41:36 +0000 2024;1,82E+18;;1;0;;;
Mon Aug 12 20:41:24 +0000 2024;1,82E+18;;1;1;;;
Mon Aug 12 20:41:19 +0000 2024;1,82E+18;;0;0;;;
Mon Aug 12 20:41:18 +0000 2024;1,82E+18;;0;0;;;
Mon Aug 12 20:41:17 +0000 2024;1,82E+18;;2;3;;;
Mon Aug 12 20:41:14 +0000 2024;1,82E+18;;1;1;;;
Mon Aug 12 20:41:11 +0000 2024;1,82E+18;;1;0;;;
Mon Aug 12 20:41:10 +0000 2024;1,82E+18;;0;0;;;
Mon Aug 12 20:41:08 +0000 2024;1,82E+18;;3;0;;;
Mon Aug 12 20:41:04 +0000 2024;1,82E+18;;6;0;;;
Mon Aug 12 20:40:46 +0000 2024;1,82E+18;;8;4;;;
Mon Aug 12 20:40:39 +0000 2024;1,82E+18;;0;0;;;
Mon Aug 12 20:40:39 +0000 2024;1,82E+18;;21;5;;;
Mon Aug 12 20:40:26 +0000 2024;1,82E+18;;8;1;;;
Mon Aug 12 20:40:22 +0000 2024;1,82E+18;;1;0;;;
Mon Aug 12 20:40:00 +0000 2024;1,82E+18;;0;0;;;
Mon Aug 12 20:39:52 +0000 2024;1,82E+18;;1;1;;;
Mon Aug 12 20:39:29 +0000 2024;1,82E+18;;0;0;;;
Mon Aug 12 20:39:28 +0000 2024;1,82E+18;;3;1;;;
Mon Aug 12 20:39:09 +0000 2024;1,82E+18;;3;0;;;
Mon Aug 12 20:39:06 +0000 2024;1,82E+18;;1;1;;;
Mon Aug 12 20:39:06 +0000 2024;1,82E+18;;14;4;;;
Mon Aug 12 20:38:43 +0000 2024;1,82E+18;;1;1;;;
Mon Aug 12 20:38:40 +0000 2024;1,82E+18;;5;0;;;
Mon Aug 12 20:38:39 +0000 2024;1,82E+18;;1;0;;;
Mon Aug 12 20:38:34 +0000 2024;1,82E+18;;0;1;;;
Mon Aug 12 20:38:28 +0000 2024;1,82E+18;;1;0;;;
Mon Aug 12 20:38:07 +0000 2024;1,82E+18;;0;0;;;
Mon Aug 12 20:38:06 +0000 2024;1,82E+18;;4;1;;;
Mon Aug 12 20:37:58 +0000 2024;1,82E+18;;40;10;;;
Mon Aug 12 20:37:54 +0000 2024;1,82E+18;;6;1;;;
Mon Aug 12 20:37:45 +0000 2024;1,82E+18;;7;0;;;
Mon Aug 12 20:37:45 +0000 2024;1,82E+18;;1;0;;;
Mon Aug 12 20:37:45 +0000 2024;1,82E+18;;0;0;;;
Mon Aug 12 20:37:33 +0000 2024;1,82E+18;;6;0;;;
Mon Aug 12 20:37:31 +0000 2024;1,82E+18;;5;1;;;
Mon Aug 12 20:37:25 +0000 2024;1,82E+18;;3;0;;;
Mon Aug 12 20:37:05 +0000 2024;1,82E+18;;2;0;;;
Mon Aug 12 20:36:56 +0000 2024;1,82E+18;;260;62;;;
Mon Aug 12 20:36:49 +0000 2024;1,82E+18;;3;0;;;
Mon Aug 12 20:36:48 +0000 2024;1,82E+18;;1;0;;;
Mon Aug 12 20:36:42 +0000 2024;1,82E+18;;154;20;;;
Mon Aug 12 20:36:40 +0000 2024;1,82E+18;;0;0;;;
Mon Aug 12 20:36:39 +0000 2024;1,82E+18;;8;0;;;
Mon Aug 12 20:36:27 +0000 2024;1,82E+18;;14;8;;;
Mon Aug 12 20:36:18 +0000 2024;1,82E+18;;0;0;;;
Mon Aug 12 20:35:54 +0000 2024;1,82E+18;;5;1;;;
Mon Aug 12 20:35:52 +0000 2024;1,82E+18;;2;2;;;
Mon Aug 12 20:35:39 +0000 2024;1,82E+18;;1;0;;;
Mon Aug 12 20:35:39 +0000 2024;1,82E+18;;31;8;;;
Mon Aug 12 20:35:38 +0000 2024;1,82E+18;;8;1;;;
Mon Aug 12 20:35:38 +0000 2024;1,82E+18;;11;1;;;
Mon Aug 12 20:35:37 +0000 2024;1,82E+18;;0;0;;;
Mon Aug 12 20:35:37 +0000 2024;1,82E+18;;9;0;;;
Mon Aug 12 20:35:36 +0000 2024;1,82E+18;;9;2;;;
Mon Aug 12 20:35:36 +0000 2024;1,82E+18;;8;2;;;
Mon Aug 12 20:35:35 +0000 2024;1,82E+18;;35;4;;;
Mon Aug 12 20:35:35 +0000 2024;1,82E+18;;2;1;;;
Mon Aug 12 20:35:25 +0000 2024;1,82E+18;;6;1;;;
Mon Aug 12 20:35:23 +0000 2024;1,82E+18;;9;3;;;
Mon Aug 12 20:35:14 +0000 2024;1,82E+18;;0;0;;;
Mon Aug 12 20:35:12 +0000 2024;1,82E+18;;5;0;;;
Mon Aug 12 20:35:12 +0000 2024;1,82E+18;;0;0;;;
Mon Aug 12 20:35:07 +0000 2024;1,82E+18;;17;4;;;
Mon Aug 12 20:35:06 +0000 2024;1,82E+18;;51;10;;;
Mon Aug 12 20:35:06 +0000 2024;1,82E+18;;1;0;;;
Mon Aug 12 20:35:06 +0000 2024;1,82E+18;;2;0;;;
Mon Aug 12 20:35:05 +0000 2024;1,82E+18;;5;0;;;
Mon Aug 12 20:35:03 +0000 2024;1,82E+18;;0;0;;;
Mon Aug 12 20:35:02 +0000 2024;1,82E+18;;0;1;;;
Mon Aug 12 20:35:00 +0000 2024;1,82E+18;;2;1;;;
Mon Aug 12 20:34:54 +0000 2024;1,82E+18;;0;0;;;
Mon Aug 12 20:34:31 +0000 2024;1,82E+18;;0;0;;;
Mon Aug 12 20:34:20 +0000 2024;1,82E+18;;1;0;;;
Mon Aug 12 20:34:01 +0000 2024;1,82E+18;;2;0;;;
Mon Aug 12 20:33:58 +0000 2024;1,82E+18;;0;0;;;
Mon Aug 12 20:33:58 +0000 2024;1,82E+18;;3;2;;;
Mon Aug 12 20:33:56 +0000 2024;1,82E+18;;6;0;;;
Mon Aug 12 20:33:55 +0000 2024;1,82E+18;;1;0;;;
Mon Aug 12 20:33:52 +0000 2024;1,82E+18;;0;0;;;
Mon Aug 12 20:33:32 +0000 2024;1,82E+18;;0;0;;;
Mon Aug 12 20:33:29 +0000 2024;1,82E+18;;0;0;;;
Mon Aug 12 20:33:28 +0000 2024;1,82E+18;;1;0;;;
Mon Aug 12 20:33:28 +0000 2024;1,82E+18;;17;7;;;
Mon Aug 12 20:33:18 +0000 2024;1,82E+18;;0;0;;;
Mon Aug 12 20:33:12 +0000 2024;1,82E+18;;0;0;;;
Mon Aug 12 20:33:11 +0000 2024;1,82E+18;;1;0;;;
Mon Aug 12 20:33:07 +0000 2024;1,82E+18;;0;0;;;
Mon Aug 12 20:33:03 +0000 2024;1,82E+18;;0;0;;;
Mon Aug 12 20:32:55 +0000 2024;1,82E+18;;0;0;;;
Mon Aug 12 20:32:53 +0000 2024;1,82E+18;;4;1;;;
Mon Aug 12 20:32:51 +0000 2024;1,82E+18;;7;3;;;
Mon Aug 12 20:32:50 +0000 2024;1,82E+18;;0;0;;;
Mon Aug 12 20:32:37 +0000 2024;1,82E+18;;0;0;;;
Mon Aug 12 20:32:30 +0000 2024;1,82E+18;;0;0;;;
Mon Aug 12 20:32:29 +0000 2024;1,82E+18;;5;1;;;
Mon Aug 12 20:32:11 +0000 2024;1,82E+18;;1;0;;;
Mon Aug 12 20:32:08 +0000 2024;1,82E+18;;4;0;;;
Mon Aug 12 20:32:05 +0000 2024;1,82E+18;;0;0;;;
Mon Aug 12 20:32:03 +0000 2024;1,82E+18;;0;0;;;
Mon Aug 12 20:32:03 +0000 2024;1,82E+18;;5;0;;;
Mon Aug 12 20:32:03 +0000 2024;1,82E+18;;1;0;;;
Mon Aug 12 20:31:48 +0000 2024;1,82E+18;;1;0;;;
Mon Aug 12 20:31:47 +0000 2024;1,82E+18;;1;0;;;
Mon Aug 12 20:31:44 +0000 2024;1,82E+18;;5;0;;;
Mon Aug 12 20:31:42 +0000 2024;1,82E+18;;0;0;;;
Mon Aug 12 20:31:36 +0000 2024;1,82E+18;;1;0;;;
Mon Aug 12 20:31:32 +0000 2024;1,82E+18;;0;0;;;
Mon Aug 12 20:31:24 +0000 2024;1,82E+18;;0;0;;;
Mon Aug 12 20:31:08 +0000 2024;1,82E+18;;52;13;;;
Mon Aug 12 20:31:06 +0000 2024;1,82E+18;;2;1;;;
Mon Aug 12 20:30:56 +0000 2024;1,82E+18;;1;0;;;
Mon Aug 12 20:30:53 +0000 2024;1,82E+18;;538;71;;;
Mon Aug 12 20:30:40 +0000 2024;1,82E+18;;0;0;;;
Mon Aug 12 20:30:32 +0000 2024;1,82E+18;;1;0;;;
Mon Aug 12 20:30:27 +0000 2024;1,82E+18;;5;0;;;
Mon Aug 12 20:30:26 +0000 2024;1,82E+18;;2;1;;;
Mon Aug 12 20:30:24 +0000 2024;1,82E+18;;9;1;;;
Mon Aug 12 20:30:13 +0000 2024;1,82E+18;;26;0;;;
Mon Aug 12 20:30:03 +0000 2024;1,82E+18;;11;1;;;
Mon Aug 12 20:29:59 +0000 2024;1,82E+18;;0;0;;;
Mon Aug 12 20:29:48 +0000 2024;1,82E+18;;1;0;;;
Mon Aug 12 20:29:47 +0000 2024;1,82E+18;;7;2;;;
Mon Aug 12 20:29:20 +0000 2024;1,82E+18;;116;21;;;
Mon Aug 12 20:29:20 +0000 2024;1,82E+18;;0;0;;;
Mon Aug 12 20:29:14 +0000 2024;1,82E+18;;14;3;;;
Mon Aug 12 20:29:12 +0000 2024;1,82E+18;;0;0;;;
Mon Aug 12 20:29:09 +0000 2024;1,82E+18;;4;0;;;
Mon Aug 12 20:29:04 +0000 2024;1,82E+18;;3;1;;;
Mon Aug 12 20:28:54 +0000 2024;1,82E+18;;3;0;;;
Mon Aug 12 20:28:51 +0000 2024;1,82E+18;;0;0;;;
Mon Aug 12 20:28:50 +0000 2024;1,82E+18;;2;1;;;
Mon Aug 12 20:28:49 +0000 2024;1,82E+18;;3;2;;;
Mon Aug 12 20:28:48 +0000 2024;1,82E+18;;0;0;;;
Mon Aug 12 20:28:37 +0000 2024;1,82E+18;;5;1;;;
Mon Aug 12 20:28:33 +0000 2024;1,82E+18;;33;35;;;
Mon Aug 12 20:28:32 +0000 2024;1,82E+18;;14;2;;;
Mon Aug 12 20:27:46 +0000 2024;1,82E+18;;1;0;;;
Mon Aug 12 20:27:35 +0000 2024;1,82E+18;;0;0;;;
Mon Aug 12 20:27:15 +0000 2024;1,82E+18;;0;0;;;
Mon Aug 12 20:27:15 +0000 2024;1,82E+18;;1;0;;;
Mon Aug 12 20:27:12 +0000 2024;1,82E+18;;0;0;;;
Mon Aug 12 20:27:11 +0000 2024;1,82E+18;;5;1;;;
Mon Aug 12 20:27:00 +0000 2024;1,82E+18;;1;1;;;
Mon Aug 12 20:26:59 +0000 2024;1,82E+18;;1;0;;;
Mon Aug 12 20:26:52 +0000 2024;1,82E+18;;1;1;;;
Mon Aug 12 20:26:45 +0000 2024;1,82E+18;;1;0;;;
Mon Aug 12 20:26:41 +0000 2024;1,82E+18;;1;0;;;
Mon Aug 12 20:26:35 +0000 2024;1,82E+18;;1;0;;;
Mon Aug 12 20:26:35 +0000 2024;1,82E+18;;0;0;;;
Mon Aug 12 20:26:31 +0000 2024;1,82E+18;;7;0;;;
Mon Aug 12 20:26:14 +0000 2024;1,82E+18;;0;0;;;
Mon Aug 12 20:26:14 +0000 2024;1,82E+18;;11;1;;;
Mon Aug 12 20:26:12 +0000 2024;1,82E+18;;275;45;;;
Mon Aug 12 20:26:07 +0000 2024;1,82E+18;;0;1;;;
Mon Aug 12 20:26:07 +0000 2024;1,82E+18;;1;1;;;
Mon Aug 12 20:26:06 +0000 2024;1,82E+18;;5;4;;;
Mon Aug 12 20:25:56 +0000 2024;1,82E+18;;12;9;;;
Mon Aug 12 20:25:52 +0000 2024;1,82E+18;;1;0;;;
Mon Aug 12 20:25:46 +0000 2024;1,82E+18;;18;5;;;
Mon Aug 12 20:25:43 +0000 2024;1,82E+18;;0;0;;;
Mon Aug 12 20:25:42 +0000 2024;1,82E+18;;1;0;;;
Mon Aug 12 20:25:41 +0000 2024;1,82E+18;;2;0;;;
Mon Aug 12 20:25:39 +0000 2024;1,82E+18;;2;1;;;
Mon Aug 12 20:25:35 +0000 2024;1,82E+18;;10;2;;;
Mon Aug 12 20:25:35 +0000 2024;1,82E+18;;0;0;;;
Mon Aug 12 20:25:30 +0000 2024;1,82E+18;;4;0;;;
Mon Aug 12 20:25:27 +0000 2024;1,82E+18;;0;0;;;
Mon Aug 12 20:25:03 +0000 2024;1,82E+18;;0;0;;;
Mon Aug 12 20:25:02 +0000 2024;1,82E+18;;1;0;;;
Mon Aug 12 20:24:45 +0000 2024;1,82E+18;;11;3;;;
Mon Aug 12 20:24:33 +0000 2024;1,82E+18;;0;0;;;
Mon Aug 12 20:24:29 +0000 2024;1,82E+18;;0;0;;;
Mon Aug 12 20:24:21 +0000 2024;1,82E+18;;14;9;;;
Mon Aug 12 20:24:19 +0000 2024;1,82E+18;;0;0;;;
Mon Aug 12 20:24:10 +0000 2024;1,82E+18;;0;0;;;
Mon Aug 12 20:24:05 +0000 2024;1,82E+18;;1;1;;;
Mon Aug 12 20:24:04 +0000 2024;1,82E+18;;5;2;;;
Mon Aug 12 20:24:03 +0000 2024;1,82E+18;;0;0;;;
Mon Aug 12 20:23:37 +0000 2024;1,82E+18;;1;0;;;
Mon Aug 12 20:23:36 +0000 2024;1,82E+18;;0;0;;;
Mon Aug 12 20:23:32 +0000 2024;1,82E+18;;0;0;;;
Mon Aug 12 20:23:31 +0000 2024;1,82E+18;;42;7;;;
Mon Aug 12 20:23:21 +0000 2024;1,82E+18;;0;0;;;
Mon Aug 12 20:23:18 +0000 2024;1,82E+18;;1;0;;;
Mon Aug 12 20:23:13 +0000 2024;1,82E+18;;0;0;;;
Mon Aug 12 20:23:10 +0000 2024;1,82E+18;;60;13;;;
Mon Aug 12 20:23:10 +0000 2024;1,82E+18;;0;0;;;
Mon Aug 12 20:23:09 +0000 2024;1,82E+18;;210;37;;;
Mon Aug 12 20:22:47 +0000 2024;1,82E+18;;7;1;;;
Mon Aug 12 20:22:40 +0000 2024;1,82E+18;;0;0;;;
Mon Aug 12 20:22:39 +0000 2024;1,82E+18;;1;0;;;
Mon Aug 12 20:22:37 +0000 2024;1,82E+18;;0;0;;;
Mon Aug 12 20:22:34 +0000 2024;1,82E+18;;1;0;;;
Mon Aug 12 20:22:29 +0000 2024;1,82E+18;;1;0;;;
Mon Aug 12 20:22:12 +0000 2024;1,82E+18;;5;0;;;
Mon Aug 12 20:22:07 +0000 2024;1,82E+18;;1;1;;;
Mon Aug 12 20:22:03 +0000 2024;1,82E+18;;7;0;;;
Mon Aug 12 20:21:38 +0000 2024;1,82E+18;;0;0;;;
Mon Aug 12 20:21:24 +0000 2024;1,82E+18;;0;0;;;
Mon Aug 12 20:21:22 +0000 2024;1,82E+18;;0;0;;;
Mon Aug 12 20:21:00 +0000 2024;1,82E+18;;0;0;;;
Mon Aug 12 20:20:56 +0000 2024;1,82E+18;;0;0;;;
Mon Aug 12 20:20:51 +0000 2024;1,82E+18;;0;0;;;
Mon Aug 12 20:20:49 +0000 2024;1,82E+18;;0;0;;;
Mon Aug 12 20:20:41 +0000 2024;1,82E+18;;11;4;;;
Mon Aug 12 20:20:27 +0000 2024;1,82E+18;;0;0;;;
Mon Aug 12 20:20:20 +0000 2024;1,82E+18;;11;8;;;
Mon Aug 12 20:20:11 +0000 2024;1,82E+18;;2;0;;;
Mon Aug 12 20:20:01 +0000 2024;1,82E+18;;5;1;;;
Mon Aug 12 20:20:00 +0000 2024;1,82E+18;;1;0;;;
Mon Aug 12 20:19:59 +0000 2024;1,82E+18;;27;20;;;
Mon Aug 12 20:19:35 +0000 2024;1,82E+18;;0;1;;;
Mon Aug 12 20:19:32 +0000 2024;1,82E+18;;2;0;;;
Mon Aug 12 20:19:31 +0000 2024;1,82E+18;;1;0;;;
Mon Aug 12 20:19:23 +0000 2024;1,82E+18;;0;0;;;
Mon Aug 12 20:19:18 +0000 2024;1,82E+18;;2;0;;;
Mon Aug 12 20:19:07 +0000 2024;1,82E+18;;6;1;;;
Mon Aug 12 20:19:05 +0000 2024;1,82E+18;;7;4;;;
Mon Aug 12 20:19:01 +0000 2024;1,82E+18;;456;121;;;
Mon Aug 12 20:18:59 +0000 2024;1,82E+18;;2;0;;;
Mon Aug 12 20:18:56 +0000 2024;1,82E+18;;2;0;;;
Mon Aug 12 20:18:39 +0000 2024;1,82E+18;;1;0;;;
Mon Aug 12 20:18:37 +0000 2024;1,82E+18;;0;0;;;
Mon Aug 12 20:18:29 +0000 2024;1,82E+18;;2;0;;;
Mon Aug 12 20:18:27 +0000 2024;1,82E+18;;1;0;;;
Mon Aug 12 20:18:20 +0000 2024;1,82E+18;;0;0;;;
Mon Aug 12 20:18:20 +0000 2024;1,82E+18;;0;0;;;
Mon Aug 12 20:18:12 +0000 2024;1,82E+18;;4;0;;;
Mon Aug 12 20:18:06 +0000 2024;1,82E+18;;3;2;;;
Mon Aug 12 20:18:05 +0000 2024;1,82E+18;;2;0;;;
Mon Aug 12 20:17:56 +0000 2024;1,82E+18;;0;0;;;
Mon Aug 12 20:17:54 +0000 2024;1,82E+18;;0;0;;;
Mon Aug 12 20:17:46 +0000 2024;1,82E+18;;11;1;;;
Mon Aug 12 20:17:29 +0000 2024;1,82E+18;;0;0;;;
Mon Aug 12 20:17:24 +0000 2024;1,82E+18;;1;0;;;
Mon Aug 12 20:17:23 +0000 2024;1,82E+18;;2;0;;;
Mon Aug 12 20:17:22 +0000 2024;1,82E+18;;2;1;;;
Mon Aug 12 20:17:21 +0000 2024;1,82E+18;;2;0;;;
Mon Aug 12 20:17:17 +0000 2024;1,82E+18;;7;4;;;
Mon Aug 12 20:17:16 +0000 2024;1,82E+18;;77;12;;;
Mon Aug 12 20:17:10 +0000 2024;1,82E+18;;29;4;;;
Mon Aug 12 20:17:02 +0000 2024;1,82E+18;;0;0;;;
Mon Aug 12 20:16:49 +0000 2024;1,82E+18;;74;19;;;
Mon Aug 12 20:16:42 +0000 2024;1,82E+18;;0;0;;;
Mon Aug 12 20:16:40 +0000 2024;1,82E+18;;6;0;;;
Mon Aug 12 20:16:26 +0000 2024;1,82E+18;;2;0;;;
Mon Aug 12 20:16:26 +0000 2024;1,82E+18;;31;4;;;
Mon Aug 12 20:16:16 +0000 2024;1,82E+18;;1;0;;;
Mon Aug 12 20:16:13 +0000 2024;1,82E+18;;5;1;;;
Mon Aug 12 20:16:08 +0000 2024;1,82E+18;;0;0;;;
Mon Aug 12 20:15:58 +0000 2024;1,82E+18;;1;0;;;
Mon Aug 12 20:15:56 +0000 2024;1,82E+18;;2;0;;;
Mon Aug 12 20:15:46 +0000 2024;1,82E+18;;0;0;;;
Mon Aug 12 20:15:38 +0000 2024;1,82E+18;;0;0;;;
Mon Aug 12 20:15:37 +0000 2024;1,82E+18;;0;0;;;
Mon Aug 12 20:15:34 +0000 2024;1,82E+18;;0;0;;;
Mon Aug 12 20:15:31 +0000 2024;1,82E+18;;0;0;;;
Mon Aug 12 20:15:29 +0000 2024;1,82E+18;;4;1;;;
Mon Aug 12 20:15:27 +0000 2024;1,82E+18;;0;0;;;
Mon Aug 12 20:15:16 +0000 2024;1,82E+18;;43;14;;;
Mon Aug 12 20:15:06 +0000 2024;1,82E+18;;0;0;;;
Mon Aug 12 20:15:01 +0000 2024;1,82E+18;;1;0;;;
Mon Aug 12 20:14:57 +0000 2024;1,82E+18;;0;0;;;
Mon Aug 12 20:14:35 +0000 2024;1,82E+18;;1;0;;;
Mon Aug 12 20:14:32 +0000 2024;1,82E+18;;0;0;;;
Mon Aug 12 20:14:28 +0000 2024;1,82E+18;;0;0;;;
Mon Aug 12 20:14:24 +0000 2024;1,82E+18;;2;0;;;
Mon Aug 12 20:14:20 +0000 2024;1,82E+18;;0;0;;;
Mon Aug 12 20:13:57 +0000 2024;1,82E+18;;0;0;;;
Mon Aug 12 20:13:56 +0000 2024;1,82E+18;;1;0;;;
Mon Aug 12 20:13:43 +0000 2024;1,82E+18;;23;9;;;
Mon Aug 12 20:13:33 +0000 2024;1,82E+18;;1;0;;;
Mon Aug 12 20:13:29 +0000 2024;1,82E+18;;1;0;;;
Mon Aug 12 20:13:26 +0000 2024;1,82E+18;;1;0;;;
Mon Aug 12 20:13:22 +0000 2024;1,82E+18;;121;20;;;
Mon Aug 12 20:13:20 +0000 2024;1,82E+18;;1;1;;;
Mon Aug 12 20:12:55 +0000 2024;1,82E+18;;8;3;;;
Mon Aug 12 20:12:50 +0000 2024;1,82E+18;;0;0;;;
Mon Aug 12 20:12:46 +0000 2024;1,82E+18;;0;0;;;
Mon Aug 12 20:12:31 +0000 2024;1,82E+18;;5;0;;;
Mon Aug 12 20:12:31 +0000 2024;1,82E+18;;1;0;;;
Mon Aug 12 20:12:30 +0000 2024;1,82E+18;;21;5;;;
Mon Aug 12 20:12:29 +0000 2024;1,82E+18;;1;0;;;
Mon Aug 12 20:12:17 +0000 2024;1,82E+18;;0;0;;;
Mon Aug 12 20:12:14 +0000 2024;1,82E+18;;0;0;;;
Mon Aug 12 20:12:10 +0000 2024;1,82E+18;;0;0;;;
Mon Aug 12 20:12:03 +0000 2024;1,82E+18;;1;0;;;
Mon Aug 12 20:11:54 +0000 2024;1,82E+18;;1;0;;;
Mon Aug 12 20:11:53 +0000 2024;1,82E+18;;7;1;;;
Mon Aug 12 20:11:52 +0000 2024;1,82E+18;;0;0;;;
Mon Aug 12 20:11:49 +0000 2024;1,82E+18;;6;2;;;
Mon Aug 12 20:11:41 +0000 2024;1,82E+18;;0;0;;;
Mon Aug 12 20:11:40 +0000 2024;1,82E+18;;0;0;;;
Mon Aug 12 20:11:34 +0000 2024;1,82E+18;;14;4;;;
Mon Aug 12 20:11:30 +0000 2024;1,82E+18;;75;9;;;
Mon Aug 12 20:11:24 +0000 2024;1,82E+18;;7;0;;;
Mon Aug 12 20:11:20 +0000 2024;1,82E+18;;0;0;;;
Mon Aug 12 20:11:17 +0000 2024;1,82E+18;;0;0;;;
Mon Aug 12 20:11:14 +0000 2024;1,82E+18;;0;0;;;
Mon Aug 12 20:10:59 +0000 2024;1,82E+18;;1;0;;;
Mon Aug 12 20:10:44 +0000 2024;1,82E+18;;1;0;;;
Mon Aug 12 20:10:40 +0000 2024;1,82E+18;;168;21;;;
Mon Aug 12 20:10:23 +0000 2024;1,82E+18;;0;0;;;
Mon Aug 12 20:10:05 +0000 2024;1,82E+18;;1;0;;;
Mon Aug 12 20:10:00 +0000 2024;1,82E+18;;3;1;;;
Mon Aug 12 20:09:59 +0000 2024;1,82E+18;;2;0;;;
Mon Aug 12 20:09:57 +0000 2024;1,82E+18;;420;83;;;
Mon Aug 12 20:09:55 +0000 2024;1,82E+18;;2;1;;;
Mon Aug 12 20:09:52 +0000 2024;1,82E+18;;9;2;;;
Mon Aug 12 20:09:42 +0000 2024;1,82E+18;;1;0;;;
Mon Aug 12 20:09:40 +0000 2024;1,82E+18;;2;2;;;
Mon Aug 12 20:09:37 +0000 2024;1,82E+18;;3;0;;;
Mon Aug 12 20:09:34 +0000 2024;1,82E+18;;0;0;;;
Mon Aug 12 20:09:34 +0000 2024;1,82E+18;;175;14;;;
Mon Aug 12 20:09:33 +0000 2024;1,82E+18;;0;0;;;
Mon Aug 12 20:09:25 +0000 2024;1,82E+18;;0;0;;;
Mon Aug 12 20:09:17 +0000 2024;1,82E+18;;0;0;;;
Mon Aug 12 20:09:13 +0000 2024;1,82E+18;;1;0;;;
Mon Aug 12 20:09:11 +0000 2024;1,82E+18;;1;0;;;
Mon Aug 12 20:09:11 +0000 2024;1,82E+18;;1;0;;;
Mon Aug 12 20:09:03 +0000 2024;1,82E+18;;43;6;;;
Mon Aug 12 20:08:55 +0000 2024;1,82E+18;;0;0;;;
Mon Aug 12 20:08:39 +0000 2024;1,82E+18;;26;6;;;
Mon Aug 12 20:08:27 +0000 2024;1,82E+18;;0;0;;;
Mon Aug 12 20:08:26 +0000 2024;1,82E+18;;24;1;;;
Mon Aug 12 20:08:23 +0000 2024;1,82E+18;;171;43;;;
Mon Aug 12 20:08:15 +0000 2024;1,82E+18;;8;1;;;
Mon Aug 12 20:08:05 +0000 2024;1,82E+18;;0;0;;;
Mon Aug 12 20:07:56 +0000 2024;1,82E+18;;1;0;;;
Mon Aug 12 20:07:48 +0000 2024;1,82E+18;;17;2;;;
Mon Aug 12 20:07:45 +0000 2024;1,82E+18;;9;1;;;
Mon Aug 12 20:07:35 +0000 2024;1,82E+18;;0;0;;;
Mon Aug 12 20:07:33 +0000 2024;1,82E+18;;7;2;;;
Mon Aug 12 20:07:25 +0000 2024;1,82E+18;;0;0;;;
Mon Aug 12 20:07:22 +0000 2024;1,82E+18;;143;29;;;
Mon Aug 12 20:07:17 +0000 2024;1,82E+18;;0;0;;;
Mon Aug 12 20:07:00 +0000 2024;1,82E+18;;9;0;;;
Mon Aug 12 20:06:58 +0000 2024;1,82E+18;;1;2;;;
Mon Aug 12 20:06:48 +0000 2024;1,82E+18;;1;0;;;
Mon Aug 12 20:06:43 +0000 2024;1,82E+18;;1;0;;;
Mon Aug 12 20:06:38 +0000 2024;1,82E+18;;1;0;;;
Mon Aug 12 20:06:20 +0000 2024;1,82E+18;;1;0;;;
Mon Aug 12 20:06:13 +0000 2024;1,82E+18;;5;1;;;
Mon Aug 12 20:05:52 +0000 2024;1,82E+18;;0;0;;;
Mon Aug 12 20:05:43 +0000 2024;1,82E+18;;0;0;;;
Mon Aug 12 20:05:32 +0000 2024;1,82E+18;;2;1;;;
Mon Aug 12 20:05:31 +0000 2024;1,82E+18;;10;0;;;
Mon Aug 12 20:05:21 +0000 2024;1,82E+18;;1;0;;;
Mon Aug 12 20:05:05 +0000 2024;1,82E+18;;0;0;;;
Mon Aug 12 20:05:01 +0000 2024;1,82E+18;;1;0;;;
Mon Aug 12 20:04:35 +0000 2024;1,82E+18;;0;0;;;
Mon Aug 12 20:04:19 +0000 2024;1,82E+18;;1;0;;;
Mon Aug 12 20:04:17 +0000 2024;1,82E+18;;0;0;;;
Mon Aug 12 20:04:13 +0000 2024;1,82E+18;;2;0;;;
Mon Aug 12 20:04:01 +0000 2024;1,82E+18;;8;0;;;
Mon Aug 12 20:03:57 +0000 2024;1,82E+18;;0;0;;;
Mon Aug 12 20:03:42 +0000 2024;1,82E+18;;0;0;;;
Mon Aug 12 20:03:39 +0000 2024;1,82E+18;;0;0;;;
Mon Aug 12 20:03:36 +0000 2024;1,82E+18;;221;43;;;
Mon Aug 12 20:03:36 +0000 2024;1,82E+18;;0;0;;;
Mon Aug 12 20:03:35 +0000 2024;1,82E+18;;0;0;;;
Mon Aug 12 20:03:17 +0000 2024;1,82E+18;;5;3;;;
Mon Aug 12 20:03:12 +0000 2024;1,82E+18;;4;1;;;
Mon Aug 12 20:03:10 +0000 2024;1,82E+18;;2;0;;;
Mon Aug 12 20:03:10 +0000 2024;1,82E+18;;5;1;;;
Mon Aug 12 20:03:08 +0000 2024;1,82E+18;;0;0;;;
Mon Aug 12 20:03:07 +0000 2024;1,82E+18;;0;0;;;
Mon Aug 12 20:03:03 +0000 2024;1,82E+18;;12;1;;;
Mon Aug 12 20:03:01 +0000 2024;1,82E+18;;6;0;;;
Mon Aug 12 20:02:59 +0000 2024;1,82E+18;;1;0;;;
Mon Aug 12 20:02:47 +0000 2024;1,82E+18;;34;1;;;
Mon Aug 12 20:02:45 +0000 2024;1,82E+18;;0;0;;;
Mon Aug 12 20:02:41 +0000 2024;1,82E+18;;57;20;;;
Mon Aug 12 20:02:38 +0000 2024;1,82E+18;;0;0;;;
Mon Aug 12 20:02:35 +0000 2024;1,82E+18;;0;0;;;
Mon Aug 12 20:02:30 +0000 2024;1,82E+18;;3;0;;;
Mon Aug 12 20:02:29 +0000 2024;1,82E+18;;1;0;;;
Mon Aug 12 20:02:20 +0000 2024;1,82E+18;;2;0;;;
Mon Aug 12 20:02:16 +0000 2024;1,82E+18;;10;0;;;
Mon Aug 12 20:02:13 +0000 2024;1,82E+18;;3;1;;;
Mon Aug 12 20:02:10 +0000 2024;1,82E+18;;22;16;;;
Mon Aug 12 20:02:09 +0000 2024;1,82E+18;;0;0;;;
Mon Aug 12 20:02:07 +0000 2024;1,82E+18;;1;0;;;
Mon Aug 12 20:02:02 +0000 2024;1,82E+18;;6;1;;;
Mon Aug 12 20:01:59 +0000 2024;1,82E+18;;0;0;;;
Mon Aug 12 20:01:54 +0000 2024;1,82E+18;;0;0;;;
Mon Aug 12 20:01:53 +0000 2024;1,82E+18;;1;0;;;
Mon Aug 12 20:01:52 +0000 2024;1,82E+18;;0;0;;;
Mon Aug 12 20:01:46 +0000 2024;1,82E+18;;1;0;;;
Mon Aug 12 20:01:41 +0000 2024;1,82E+18;;0;0;;;
Mon Aug 12 20:01:33 +0000 2024;1,82E+18;;1;0;;;
Mon Aug 12 20:01:25 +0000 2024;1,82E+18;;0;0;;;
Mon Aug 12 20:01:23 +0000 2024;1,82E+18;;1;0;;;
Mon Aug 12 20:01:15 +0000 2024;1,82E+18;;0;0;;;
Mon Aug 12 20:01:15 +0000 2024;1,82E+18;;148;7;;;
Mon Aug 12 20:01:04 +0000 2024;1,82E+18;;5;7;;;
Mon Aug 12 20:01:02 +0000 2024;1,82E+18;;4;1;;;
Mon Aug 12 20:01:00 +0000 2024;1,82E+18;;14;9;;;
Mon Aug 12 20:00:55 +0000 2024;1,82E+18;;1;0;;;
Mon Aug 12 20:00:52 +0000 2024;1,82E+18;;12;3;;;
Mon Aug 12 20:00:45 +0000 2024;1,82E+18;;1;0;;;
Mon Aug 12 20:00:30 +0000 2024;1,82E+18;;1;0;;;
Mon Aug 12 20:00:22 +0000 2024;1,82E+18;;2;0;;;
Mon Aug 12 20:00:08 +0000 2024;1,82E+18;;1;3;;;
Mon Aug 12 20:00:05 +0000 2024;1,82E+18;;1;0;;;
Mon Aug 12 20:00:01 +0000 2024;1,82E+18;;0;0;;;
Mon Aug 12 19:59:12 +0000 2024;1,82E+18;;45;17;;;
Mon Aug 12 19:59:07 +0000 2024;1,82E+18;;0;0;;;
Mon Aug 12 19:59:06 +0000 2024;1,82E+18;;0;0;;;
Mon Aug 12 19:59:03 +0000 2024;1,82E+18;;0;0;;;
Mon Aug 12 19:58:49 +0000 2024;1,82E+18;;16;2;;;
Mon Aug 12 19:58:46 +0000 2024;1,82E+18;;5;0;;;
Mon Aug 12 19:58:46 +0000 2024;1,82E+18;;0;0;;;
Mon Aug 12 19:58:42 +0000 2024;1,82E+18;;1;0;;;
Mon Aug 12 19:58:42 +0000 2024;1,82E+18;;1;0;;;
Mon Aug 12 19:58:37 +0000 2024;1,82E+18;;10;5;;;
Mon Aug 12 19:58:27 +0000 2024;1,82E+18;;0;0;;;
Mon Aug 12 19:58:25 +0000 2024;1,82E+18;;75;26;;;
Mon Aug 12 19:58:10 +0000 2024;1,82E+18;;9;1;;;
Mon Aug 12 19:58:01 +0000 2024;1,82E+18;;5;1;;;
Mon Aug 12 19:58:00 +0000 2024;1,82E+18;;0;0;;;
Mon Aug 12 19:57:59 +0000 2024;1,82E+18;;0;0;;;
Mon Aug 12 19:57:55 +0000 2024;1,82E+18;;0;0;;;
Mon Aug 12 19:57:30 +0000 2024;1,82E+18;;1;0;;;
Mon Aug 12 19:57:19 +0000 2024;1,82E+18;;2;0;;;
Mon Aug 12 19:57:18 +0000 2024;1,82E+18;;6;0;;;
Mon Aug 12 19:57:12 +0000 2024;1,82E+18;;0;0;;;
Mon Aug 12 19:57:11 +0000 2024;1,82E+18;;0;0;;;
Mon Aug 12 19:57:07 +0000 2024;1,82E+18;;3;3;;;
Mon Aug 12 19:57:02 +0000 2024;1,82E+18;;0;0;;;
Mon Aug 12 19:56:44 +0000 2024;1,82E+18;;0;0;;;
Mon Aug 12 19:56:31 +0000 2024;1,82E+18;;2;0;;;
Mon Aug 12 19:56:18 +0000 2024;1,82E+18;;3;0;;;
Mon Aug 12 19:56:15 +0000 2024;1,82E+18;;5;0;;;
Mon Aug 12 19:56:12 +0000 2024;1,82E+18;;0;0;;;
Mon Aug 12 19:55:50 +0000 2024;1,82E+18;;0;0;;;
Mon Aug 12 19:55:45 +0000 2024;1,82E+18;;0;0;;;
Mon Aug 12 19:55:42 +0000 2024;1,82E+18;;4;0;;;
Mon Aug 12 19:55:38 +0000 2024;1,82E+18;;9;1;;;
Mon Aug 12 19:55:29 +0000 2024;1,82E+18;;1;0;;;
Mon Aug 12 19:55:15 +0000 2024;1,82E+18;;12;16;;;
Mon Aug 12 19:55:04 +0000 2024;1,82E+18;;3;4;;;
Mon Aug 12 19:54:46 +0000 2024;1,82E+18;;0;0;;;
Mon Aug 12 19:54:43 +0000 2024;1,82E+18;;7;0;;;
Mon Aug 12 19:54:41 +0000 2024;1,82E+18;;0;0;;;
Mon Aug 12 19:54:40 +0000 2024;1,82E+18;;35;9;;;
Mon Aug 12 19:54:36 +0000 2024;1,82E+18;;2;0;;;
Mon Aug 12 19:54:32 +0000 2024;1,82E+18;;4;1;;;
Mon Aug 12 19:54:32 +0000 2024;1,82E+18;;1092;308;;;
Mon Aug 12 19:54:30 +0000 2024;1,82E+18;;146;5;;;
Mon Aug 12 19:54:30 +0000 2024;1,82E+18;;1;0;;;
Mon Aug 12 19:54:29 +0000 2024;1,82E+18;;1;0;;;
Mon Aug 12 19:54:22 +0000 2024;1,82E+18;;3;0;;;
Mon Aug 12 19:54:05 +0000 2024;1,82E+18;;0;0;;;
Mon Aug 12 19:53:56 +0000 2024;1,82E+18;;0;0;;;
Mon Aug 12 19:53:55 +0000 2024;1,82E+18;;2;0;;;
Mon Aug 12 19:53:53 +0000 2024;1,82E+18;;2;0;;;
Mon Aug 12 19:53:44 +0000 2024;1,82E+18;;3;0;;;
Mon Aug 12 19:53:42 +0000 2024;1,82E+18;;1;0;;;
Mon Aug 12 19:53:23 +0000 2024;1,82E+18;;1;1;;;
Mon Aug 12 19:53:20 +0000 2024;1,82E+18;;4;5;;;
Mon Aug 12 19:53:01 +0000 2024;1,82E+18;;1;0;;;
Mon Aug 12 19:53:01 +0000 2024;1,82E+18;;1;0;;;
Mon Aug 12 19:53:01 +0000 2024;1,82E+18;;24;10;;;
Mon Aug 12 19:53:00 +0000 2024;1,82E+18;;0;0;;;
Mon Aug 12 19:52:54 +0000 2024;1,82E+18;;0;0;;;
Mon Aug 12 19:52:49 +0000 2024;1,82E+18;;0;0;;;
Mon Aug 12 19:52:42 +0000 2024;1,82E+18;;2;1;;;
Mon Aug 12 19:52:41 +0000 2024;1,82E+18;;1;0;;;
Mon Aug 12 19:52:40 +0000 2024;1,82E+18;;1;0;;;
Mon Aug 12 19:52:14 +0000 2024;1,82E+18;;4;4;;;
Mon Aug 12 19:51:59 +0000 2024;1,82E+18;;0;0;;;
Mon Aug 12 19:51:59 +0000 2024;1,82E+18;;47;16;;;
Mon Aug 12 19:51:56 +0000 2024;1,82E+18;;3;0;;;
Mon Aug 12 19:51:54 +0000 2024;1,82E+18;;10;0;;;
Mon Aug 12 19:51:52 +0000 2024;1,82E+18;;1;1;;;
Mon Aug 12 19:51:42 +0000 2024;1,82E+18;;4;1;;;
Mon Aug 12 19:51:41 +0000 2024;1,82E+18;;1;0;;;
Mon Aug 12 19:51:40 +0000 2024;1,82E+18;;0;0;;;
Mon Aug 12 19:51:39 +0000 2024;1,82E+18;;11;1;;;
Mon Aug 12 19:51:36 +0000 2024;1,82E+18;;921;215;;;
Mon Aug 12 19:51:33 +0000 2024;1,82E+18;;1;0;;;
Mon Aug 12 19:51:29 +0000 2024;1,82E+18;;4;2;;;
Mon Aug 12 19:51:29 +0000 2024;1,82E+18;;6;4;;;
Mon Aug 12 19:51:24 +0000 2024;1,82E+18;;7;2;;;
Mon Aug 12 19:51:21 +0000 2024;1,82E+18;;0;0;;;
Mon Aug 12 19:51:18 +0000 2024;1,82E+18;;4;4;;;
Mon Aug 12 19:51:17 +0000 2024;1,82E+18;;6;3;;;
Mon Aug 12 19:51:14 +0000 2024;1,82E+18;;3;3;;;
Mon Aug 12 19:51:14 +0000 2024;1,82E+18;;1;0;;;
Mon Aug 12 19:51:03 +0000 2024;1,82E+18;;2;0;;;
Mon Aug 12 19:50:53 +0000 2024;1,82E+18;;2;0;;;
Mon Aug 12 19:50:52 +0000 2024;1,82E+18;;0;0;;;
Mon Aug 12 19:50:45 +0000 2024;1,82E+18;;10;0;;;
Mon Aug 12 19:50:44 +0000 2024;1,82E+18;;0;0;;;
Mon Aug 12 19:50:31 +0000 2024;1,82E+18;;10;2;;;
Mon Aug 12 19:50:30 +0000 2024;1,82E+18;;0;0;;;
Mon Aug 12 19:50:29 +0000 2024;1,82E+18;;57;21;;;
Mon Aug 12 19:50:29 +0000 2024;1,82E+18;;5;1;;;
Mon Aug 12 19:50:24 +0000 2024;1,82E+18;;0;0;;;
Mon Aug 12 19:50:14 +0000 2024;1,82E+18;;8;1;;;
Mon Aug 12 19:50:14 +0000 2024;1,82E+18;;0;0;;;
Mon Aug 12 19:50:13 +0000 2024;1,82E+18;;0;0;;;
Mon Aug 12 19:49:58 +0000 2024;1,82E+18;;2;0;;;
Mon Aug 12 19:49:51 +0000 2024;1,82E+18;;487;120;;;
Mon Aug 12 19:49:39 +0000 2024;1,82E+18;;3;0;;;
Mon Aug 12 19:49:37 +0000 2024;1,82E+18;;1;0;;;
Mon Aug 12 19:49:30 +0000 2024;1,82E+18;;1;0;;;
Mon Aug 12 19:49:26 +0000 2024;1,82E+18;;1;1;;;
Mon Aug 12 19:49:22 +0000 2024;1,82E+18;;1;0;;;
Mon Aug 12 19:49:10 +0000 2024;1,82E+18;;0;2;;;
Mon Aug 12 19:49:08 +0000 2024;1,82E+18;;2;0;;;
Mon Aug 12 19:49:03 +0000 2024;1,82E+18;;1;0;;;
Mon Aug 12 19:48:50 +0000 2024;1,82E+18;;3;0;;;
Mon Aug 12 19:48:41 +0000 2024;1,82E+18;;30;1;;;
Mon Aug 12 19:48:34 +0000 2024;1,82E+18;;7;1;;;
Mon Aug 12 19:48:32 +0000 2024;1,82E+18;;0;0;;;
Mon Aug 12 19:48:26 +0000 2024;1,82E+18;;0;0;;;
Mon Aug 12 19:48:25 +0000 2024;1,82E+18;;6;2;;;
Mon Aug 12 19:48:14 +0000 2024;1,82E+18;;5;0;;;
Mon Aug 12 19:48:14 +0000 2024;1,82E+18;;5;3;;;
Mon Aug 12 19:48:06 +0000 2024;1,82E+18;;1;0;;;
Mon Aug 12 19:48:05 +0000 2024;1,82E+18;;2;0;;;
Mon Aug 12 19:48:04 +0000 2024;1,82E+18;;4;1;;;
Mon Aug 12 19:48:00 +0000 2024;1,82E+18;;3;2;;;
Mon Aug 12 19:47:58 +0000 2024;1,82E+18;;0;0;;;
Mon Aug 12 19:47:58 +0000 2024;1,82E+18;;0;0;;;
Mon Aug 12 19:47:40 +0000 2024;1,82E+18;;2;0;;;
Mon Aug 12 19:47:40 +0000 2024;1,82E+18;;57;42;;;
Mon Aug 12 19:47:34 +0000 2024;1,82E+18;;3;0;;;
Mon Aug 12 19:47:26 +0000 2024;1,82E+18;;8;0;;;
Mon Aug 12 19:47:25 +0000 2024;1,82E+18;;2;1;;;
Mon Aug 12 19:47:24 +0000 2024;1,82E+18;;0;0;;;
Mon Aug 12 19:47:20 +0000 2024;1,82E+18;;4;0;;;
Mon Aug 12 19:47:19 +0000 2024;1,82E+18;;7;0;;;
Mon Aug 12 19:47:15 +0000 2024;1,82E+18;;4;0;;;
Mon Aug 12 19:47:13 +0000 2024;1,82E+18;;0;0;;;
Mon Aug 12 19:47:08 +0000 2024;1,82E+18;;0;0;;;
Mon Aug 12 19:47:08 +0000 2024;1,82E+18;;2;0;;;
Mon Aug 12 19:47:04 +0000 2024;1,82E+18;;0;0;;;
Mon Aug 12 19:47:00 +0000 2024;1,82E+18;;3;0;;;
Mon Aug 12 19:47:00 +0000 2024;1,82E+18;;12;1;;;
Mon Aug 12 19:46:59 +0000 2024;1,82E+18;;1;0;;;
Mon Aug 12 19:46:58 +0000 2024;1,82E+18;;1;0;;;
Mon Aug 12 19:46:56 +0000 2024;1,82E+18;;1;0;;;
Mon Aug 12 19:46:50 +0000 2024;1,82E+18;;11;6;;;
Mon Aug 12 19:46:50 +0000 2024;1,82E+18;;3;2;;;
Mon Aug 12 19:46:49 +0000 2024;1,82E+18;;26;3;;;
Mon Aug 12 19:46:41 +0000 2024;1,82E+18;;4;0;;;
Mon Aug 12 19:46:40 +0000 2024;1,82E+18;;0;0;;;
Mon Aug 12 19:46:32 +0000 2024;1,82E+18;;100;1;;;
Mon Aug 12 19:46:17 +0000 2024;1,82E+18;;5;1;;;
Mon Aug 12 19:46:13 +0000 2024;1,82E+18;;1;0;;;
Mon Aug 12 19:46:05 +0000 2024;1,82E+18;;2;0;;;
Mon Aug 12 19:45:50 +0000 2024;1,82E+18;;14;0;;;
Mon Aug 12 19:45:44 +0000 2024;1,82E+18;;1;1;;;
Mon Aug 12 19:45:32 +0000 2024;1,82E+18;;1;0;;;
Mon Aug 12 19:45:28 +0000 2024;1,82E+18;;165;35;;;
Mon Aug 12 19:45:26 +0000 2024;1,82E+18;;4;0;;;
Mon Aug 12 19:45:20 +0000 2024;1,82E+18;;20;9;;;
Mon Aug 12 19:45:14 +0000 2024;1,82E+18;;2;0;;;
Mon Aug 12 19:45:00 +0000 2024;1,82E+18;;1;2;;;
Mon Aug 12 19:44:50 +0000 2024;1,82E+18;;1;0;;;
Mon Aug 12 19:44:29 +0000 2024;1,82E+18;;2;0;;;
Mon Aug 12 19:44:10 +0000 2024;1,82E+18;;2;1;;;
Mon Aug 12 19:44:08 +0000 2024;1,82E+18;;0;0;;;
Mon Aug 12 19:44:02 +0000 2024;1,82E+18;;0;0;;;
Mon Aug 12 19:43:58 +0000 2024;1,82E+18;;11;3;;;
Mon Aug 12 19:43:56 +0000 2024;1,82E+18;;1;1;;;
Mon Aug 12 19:43:49 +0000 2024;1,82E+18;;32;7;;;
Mon Aug 12 19:43:35 +0000 2024;1,82E+18;;33;9;;;
Mon Aug 12 19:43:21 +0000 2024;1,82E+18;;3;0;;;
Mon Aug 12 19:43:20 +0000 2024;1,82E+18;;0;0;;;
Mon Aug 12 19:43:18 +0000 2024;1,82E+18;;0;0;;;
Mon Aug 12 19:42:54 +0000 2024;1,82E+18;;0;0;;;
Mon Aug 12 19:42:51 +0000 2024;1,82E+18;;1;0;;;
Mon Aug 12 19:42:36 +0000 2024;1,82E+18;;5;0;;;
Mon Aug 12 19:42:29 +0000 2024;1,82E+18;;0;0;;;
Mon Aug 12 19:42:09 +0000 2024;1,82E+18;;0;0;;;
Mon Aug 12 19:42:07 +0000 2024;1,82E+18;;6;0;;;
Mon Aug 12 19:41:55 +0000 2024;1,82E+18;;1;0;;;
Mon Aug 12 19:41:54 +0000 2024;1,82E+18;;2;0;;;
Mon Aug 12 19:41:41 +0000 2024;1,82E+18;;0;0;;;
Mon Aug 12 19:41:38 +0000 2024;1,82E+18;;1;0;;;
Mon Aug 12 19:41:35 +0000 2024;1,82E+18;;0;0;;;
Mon Aug 12 19:41:18 +0000 2024;1,82E+18;;5;0;;;
Mon Aug 12 19:41:17 +0000 2024;1,82E+18;;3;1;;;
Mon Aug 12 19:41:13 +0000 2024;1,82E+18;;2;1;;;
Mon Aug 12 19:41:06 +0000 2024;1,82E+18;;0;0;;;
Mon Aug 12 19:41:04 +0000 2024;1,82E+18;;9;2;;;
Mon Aug 12 19:40:46 +0000 2024;1,82E+18;;0;0;;;
Mon Aug 12 19:40:41 +0000 2024;1,82E+18;;1;0;;;
Mon Aug 12 19:40:39 +0000 2024;1,82E+18;;1;1;;;
Mon Aug 12 19:40:34 +0000 2024;1,82E+18;;2;0;;;
Mon Aug 12 19:40:33 +0000 2024;1,82E+18;;0;0;;;
Mon Aug 12 19:40:12 +0000 2024;1,82E+18;;60;0;;;
Mon Aug 12 19:39:56 +0000 2024;1,82E+18;;0;0;;;
Mon Aug 12 19:39:52 +0000 2024;1,82E+18;;1;0;;;
Mon Aug 12 19:39:44 +0000 2024;1,82E+18;;3;2;;;
Mon Aug 12 19:39:11 +0000 2024;1,82E+18;;20;1;;;
Mon Aug 12 19:39:08 +0000 2024;1,82E+18;;0;0;;;
Mon Aug 12 19:39:07 +0000 2024;1,82E+18;;0;0;;;
Mon Aug 12 19:38:55 +0000 2024;1,82E+18;;33;6;;;
Mon Aug 12 19:38:54 +0000 2024;1,82E+18;;0;0;;;
Mon Aug 12 19:38:54 +0000 2024;1,82E+18;;1;0;;;
Mon Aug 12 19:38:46 +0000 2024;1,82E+18;;0;0;;;
Mon Aug 12 19:38:34 +0000 2024;1,82E+18;;0;0;;;
Mon Aug 12 19:38:18 +0000 2024;1,82E+18;;7;0;;;
Mon Aug 12 19:38:00 +0000 2024;1,82E+18;;3;2;;;
Mon Aug 12 19:37:43 +0000 2024;1,82E+18;;1;0;;;
Mon Aug 12 19:37:33 +0000 2024;1,82E+18;;13;4;;;
Mon Aug 12 19:37:31 +0000 2024;1,82E+18;;11;2;;;
Mon Aug 12 19:37:28 +0000 2024;1,82E+18;;3;1;;;
Mon Aug 12 19:37:21 +0000 2024;1,82E+18;;61;0;;;
Mon Aug 12 19:37:21 +0000 2024;1,82E+18;;6;0;;;
Mon Aug 12 19:37:13 +0000 2024;1,82E+18;;4;0;;;
Mon Aug 12 19:37:05 +0000 2024;1,82E+18;;0;0;;;
Mon Aug 12 19:37:04 +0000 2024;1,82E+18;;2;0;;;
Mon Aug 12 19:36:34 +0000 2024;1,82E+18;;0;0;;;
Mon Aug 12 19:36:25 +0000 2024;1,82E+18;;8;3;;;
Mon Aug 12 19:36:18 +0000 2024;1,82E+18;;0;0;;;
Mon Aug 12 19:36:14 +0000 2024;1,82E+18;;0;0;;;
Mon Aug 12 19:36:11 +0000 2024;1,82E+18;;0;0;;;
Mon Aug 12 19:36:09 +0000 2024;1,82E+18;;10;0;;;
Mon Aug 12 19:36:07 +0000 2024;1,82E+18;;12;10;;;
Mon Aug 12 19:36:01 +0000 2024;1,82E+18;;2;0;;;
Mon Aug 12 19:35:53 +0000 2024;1,82E+18;;2;0;;;
Mon Aug 12 19:35:52 +0000 2024;1,82E+18;;7;0;;;
Mon Aug 12 19:35:45 +0000 2024;1,82E+18;;4;1;;;
Mon Aug 12 19:35:44 +0000 2024;1,82E+18;;1;0;;;
Mon Aug 12 19:35:34 +0000 2024;1,82E+18;;1;0;;;
Mon Aug 12 19:35:33 +0000 2024;1,82E+18;;0;0;;;
Mon Aug 12 19:35:19 +0000 2024;1,82E+18;;8;2;;;
Mon Aug 12 19:35:16 +0000 2024;1,82E+18;;74;16;;;
Mon Aug 12 19:35:05 +0000 2024;1,82E+18;;0;0;;;
Mon Aug 12 19:34:57 +0000 2024;1,82E+18;;0;0;;;
Mon Aug 12 19:34:54 +0000 2024;1,82E+18;;0;0;;;
Mon Aug 12 19:34:50 +0000 2024;1,82E+18;;4;1;;;
Mon Aug 12 19:34:39 +0000 2024;1,82E+18;;0;0;;;
Mon Aug 12 19:34:37 +0000 2024;1,82E+18;;1;0;;;
Mon Aug 12 19:34:34 +0000 2024;1,82E+18;;5;0;;;
Mon Aug 12 19:34:32 +0000 2024;1,82E+18;;0;1;;;
Mon Aug 12 19:34:28 +0000 2024;1,82E+18;;2;0;;;
Mon Aug 12 19:34:27 +0000 2024;1,82E+18;;2;0;;;
Mon Aug 12 19:34:26 +0000 2024;1,82E+18;;2;0;;;
Mon Aug 12 19:34:20 +0000 2024;1,82E+18;;0;0;;;
Mon Aug 12 19:34:16 +0000 2024;1,82E+18;;4;0;;;
Mon Aug 12 19:34:15 +0000 2024;1,82E+18;;0;0;;;
Mon Aug 12 19:34:09 +0000 2024;1,82E+18;;2;0;;;
Mon Aug 12 19:33:46 +0000 2024;1,82E+18;;3;0;;;
Mon Aug 12 19:33:37 +0000 2024;1,82E+18;;1;0;;;
Mon Aug 12 19:33:33 +0000 2024;1,82E+18;;18;9;;;
Mon Aug 12 19:33:27 +0000 2024;1,82E+18;;1;0;;;
Mon Aug 12 19:33:25 +0000 2024;1,82E+18;;1;0;;;
Mon Aug 12 19:33:18 +0000 2024;1,82E+18;;2;0;;;
Mon Aug 12 19:33:10 +0000 2024;1,82E+18;;1;0;;;
Mon Aug 12 19:32:59 +0000 2024;1,82E+18;;22;9;;;
Mon Aug 12 19:32:59 +0000 2024;1,82E+18;;76;5;;;
Mon Aug 12 19:32:57 +0000 2024;1,82E+18;;0;0;;;
Mon Aug 12 19:32:50 +0000 2024;1,82E+18;;0;0;;;
Mon Aug 12 19:32:39 +0000 2024;1,82E+18;;11;1;;;
Mon Aug 12 19:32:35 +0000 2024;1,82E+18;;0;0;;;
Mon Aug 12 19:32:35 +0000 2024;1,82E+18;;37;12;;;
Mon Aug 12 19:32:33 +0000 2024;1,82E+18;;5;1;;;
Mon Aug 12 19:32:32 +0000 2024;1,82E+18;;4;1;;;
Mon Aug 12 19:32:30 +0000 2024;1,82E+18;;2;0;;;
Mon Aug 12 19:32:29 +0000 2024;1,82E+18;;0;0;;;
Mon Aug 12 19:32:29 +0000 2024;1,82E+18;;3;0;;;
Mon Aug 12 19:32:19 +0000 2024;1,82E+18;;5;1;;;
Mon Aug 12 19:32:09 +0000 2024;1,82E+18;;3;0;;;
Mon Aug 12 19:31:54 +0000 2024;1,82E+18;;2;0;;;
Mon Aug 12 19:31:47 +0000 2024;1,82E+18;;3;0;;;
Mon Aug 12 19:31:40 +0000 2024;1,82E+18;;2;0;;;
Mon Aug 12 19:31:35 +0000 2024;1,82E+18;;0;0;;;
Mon Aug 12 19:31:29 +0000 2024;1,82E+18;;6;0;;;
Mon Aug 12 19:31:26 +0000 2024;1,82E+18;;1;0;;;
Mon Aug 12 19:31:25 +0000 2024;1,82E+18;;8;1;;;
Mon Aug 12 19:31:21 +0000 2024;1,82E+18;;1;0;;;
Mon Aug 12 19:31:19 +0000 2024;1,82E+18;;85;2;;;
Mon Aug 12 19:31:10 +0000 2024;1,82E+18;;5;0;;;
Mon Aug 12 19:31:09 +0000 2024;1,82E+18;;1;0;;;
Mon Aug 12 19:31:07 +0000 2024;1,82E+18;;0;0;;;
Mon Aug 12 19:31:07 +0000 2024;1,82E+18;;4;10;;;
Mon Aug 12 19:31:05 +0000 2024;1,82E+18;;2;0;;;
Mon Aug 12 19:30:49 +0000 2024;1,82E+18;;5;0;;;
Mon Aug 12 19:30:39 +0000 2024;1,82E+18;;2;0;;;
Mon Aug 12 19:30:39 +0000 2024;1,82E+18;;1;0;;;
Mon Aug 12 19:30:26 +0000 2024;1,82E+18;;4;0;;;
Mon Aug 12 19:30:24 +0000 2024;1,82E+18;;7;0;;;
Mon Aug 12 19:30:12 +0000 2024;1,82E+18;;3;1;;;
Mon Aug 12 19:30:05 +0000 2024;1,82E+18;;1;0;;;
Mon Aug 12 19:29:54 +0000 2024;1,82E+18;;1;0;;;
Mon Aug 12 19:29:45 +0000 2024;1,82E+18;;10;1;;;
Mon Aug 12 19:29:41 +0000 2024;1,82E+18;;0;0;;;
Mon Aug 12 19:29:27 +0000 2024;1,82E+18;;3;0;;;
Mon Aug 12 19:29:26 +0000 2024;1,82E+18;;3;0;;;
Mon Aug 12 19:29:23 +0000 2024;1,82E+18;;1;0;;;
Mon Aug 12 19:29:22 +0000 2024;1,82E+18;;0;0;;;
Mon Aug 12 19:29:20 +0000 2024;1,82E+18;;0;0;;;
Mon Aug 12 19:29:07 +0000 2024;1,82E+18;;143;78;;;
Mon Aug 12 19:29:03 +0000 2024;1,82E+18;;4;0;;;
Mon Aug 12 19:28:53 +0000 2024;1,82E+18;;0;0;;;
Mon Aug 12 19:28:53 +0000 2024;1,82E+18;;6;4;;;
Mon Aug 12 19:28:44 +0000 2024;1,82E+18;;0;0;;;
Mon Aug 12 19:28:37 +0000 2024;1,82E+18;;0;0;;;
Mon Aug 12 19:28:34 +0000 2024;1,82E+18;;18;9;;;
Mon Aug 12 19:28:34 +0000 2024;1,82E+18;;0;0;;;
Mon Aug 12 19:28:25 +0000 2024;1,82E+18;;0;0;;;
Mon Aug 12 19:28:24 +0000 2024;1,82E+18;;3;0;;;
Mon Aug 12 19:28:20 +0000 2024;1,82E+18;;1;0;;;
Mon Aug 12 19:28:04 +0000 2024;1,82E+18;;2;0;;;
Mon Aug 12 19:28:03 +0000 2024;1,82E+18;;2;0;;;
Mon Aug 12 19:27:59 +0000 2024;1,82E+18;;0;1;;;
Mon Aug 12 19:27:55 +0000 2024;1,82E+18;;3;0;;;
Mon Aug 12 19:27:55 +0000 2024;1,82E+18;;2;0;;;
Mon Aug 12 19:27:41 +0000 2024;1,82E+18;;4;0;;;
Mon Aug 12 19:27:30 +0000 2024;1,82E+18;;1063;365;;;
Mon Aug 12 19:27:26 +0000 2024;1,82E+18;;1;0;;;
Mon Aug 12 19:27:22 +0000 2024;1,82E+18;;9;4;;;
Mon Aug 12 19:27:22 +0000 2024;1,82E+18;;1;0;;;
Mon Aug 12 19:27:09 +0000 2024;1,82E+18;;7;0;;;
Mon Aug 12 19:27:07 +0000 2024;1,82E+18;;1;1;;;
Mon Aug 12 19:27:07 +0000 2024;1,82E+18;;0;0;;;
Mon Aug 12 19:27:03 +0000 2024;1,82E+18;;0;0;;;
Mon Aug 12 19:27:03 +0000 2024;1,82E+18;;4;0;;;
Mon Aug 12 19:26:51 +0000 2024;1,82E+18;;46;16;;;
Mon Aug 12 19:26:45 +0000 2024;1,82E+18;;5;1;;;
Mon Aug 12 19:26:43 +0000 2024;1,82E+18;;1;0;;;
Mon Aug 12 19:26:43 +0000 2024;1,82E+18;;5;0;;;
Mon Aug 12 19:26:33 +0000 2024;1,82E+18;;0;0;;;
Mon Aug 12 19:26:25 +0000 2024;1,82E+18;;5;3;;;
Mon Aug 12 19:26:17 +0000 2024;1,82E+18;;3;1;;;
Mon Aug 12 19:26:09 +0000 2024;1,82E+18;;0;0;;;
Mon Aug 12 19:26:02 +0000 2024;1,82E+18;;1;2;;;
Mon Aug 12 19:25:51 +0000 2024;1,82E+18;;0;0;;;
Mon Aug 12 19:25:36 +0000 2024;1,82E+18;;1;0;;;
Mon Aug 12 19:25:32 +0000 2024;1,82E+18;;930;206;;;
Mon Aug 12 19:25:20 +0000 2024;1,82E+18;;6;0;;;
Mon Aug 12 19:25:06 +0000 2024;1,82E+18;;1;1;;;
Mon Aug 12 19:25:05 +0000 2024;1,82E+18;;0;0;;;
Mon Aug 12 19:25:04 +0000 2024;1,82E+18;;0;0;;;
Mon Aug 12 19:25:02 +0000 2024;1,82E+18;;0;0;;;
Mon Aug 12 19:24:58 +0000 2024;1,82E+18;;35;1;;;
Mon Aug 12 19:24:55 +0000 2024;1,82E+18;;0;0;;;
Mon Aug 12 19:24:37 +0000 2024;1,82E+18;;2;0;;;
Mon Aug 12 19:24:34 +0000 2024;1,82E+18;;9;2;;;
Mon Aug 12 19:24:31 +0000 2024;1,82E+18;;0;0;;;
Mon Aug 12 19:24:16 +0000 2024;1,82E+18;;5;0;;;
Mon Aug 12 19:24:11 +0000 2024;1,82E+18;;0;2;;;
Mon Aug 12 19:24:05 +0000 2024;1,82E+18;;2;0;;;
Mon Aug 12 19:24:02 +0000 2024;1,82E+18;;1;0;;;
Mon Aug 12 19:24:01 +0000 2024;1,82E+18;;37;119;;;
Mon Aug 12 19:24:00 +0000 2024;1,82E+18;;0;0;;;
Mon Aug 12 19:23:55 +0000 2024;1,82E+18;;3;0;;;
Mon Aug 12 19:23:52 +0000 2024;1,82E+18;;4;0;;;
Mon Aug 12 19:23:40 +0000 2024;1,82E+18;;82;36;;;
Mon Aug 12 19:23:37 +0000 2024;1,82E+18;;1;0;;;
Mon Aug 12 19:23:36 +0000 2024;1,82E+18;;1;0;;;
Mon Aug 12 19:23:36 +0000 2024;1,82E+18;;6;0;;;
Mon Aug 12 19:23:32 +0000 2024;1,82E+18;;1;0;;;
Mon Aug 12 19:23:27 +0000 2024;1,82E+18;;25;3;;;
Mon Aug 12 19:23:23 +0000 2024;1,82E+18;;0;0;;;
Mon Aug 12 19:23:23 +0000 2024;1,82E+18;;6;0;;;
Mon Aug 12 19:23:11 +0000 2024;1,82E+18;;1;0;;;
Mon Aug 12 19:23:10 +0000 2024;1,82E+18;;6;0;;;
Mon Aug 12 19:23:00 +0000 2024;1,82E+18;;6;3;;;
Mon Aug 12 19:22:57 +0000 2024;1,82E+18;;0;0;;;
Mon Aug 12 19:22:53 +0000 2024;1,82E+18;;4;2;;;
Mon Aug 12 19:22:53 +0000 2024;1,82E+18;;1;0;;;
Mon Aug 12 19:22:52 +0000 2024;1,82E+18;;0;0;;;
Mon Aug 12 19:22:39 +0000 2024;1,82E+18;;0;0;;;
Mon Aug 12 19:22:34 +0000 2024;1,82E+18;;54;40;;;
Mon Aug 12 19:22:28 +0000 2024;1,82E+18;;0;0;;;
Mon Aug 12 19:22:27 +0000 2024;1,82E+18;;0;0;;;
Mon Aug 12 19:22:25 +0000 2024;1,82E+18;;2;0;;;
Mon Aug 12 19:22:19 +0000 2024;1,82E+18;;8;0;;;
Mon Aug 12 19:22:18 +0000 2024;1,82E+18;;5;1;;;
Mon Aug 12 19:22:00 +0000 2024;1,82E+18;;5;0;;;
Mon Aug 12 19:21:54 +0000 2024;1,82E+18;;1;0;;;
Mon Aug 12 19:21:53 +0000 2024;1,82E+18;;1;0;;;
Mon Aug 12 19:21:51 +0000 2024;1,82E+18;;196;55;;;
Mon Aug 12 19:21:48 +0000 2024;1,82E+18;;6;1;;;
Mon Aug 12 19:21:36 +0000 2024;1,82E+18;;7;0;;;
Mon Aug 12 19:21:29 +0000 2024;1,82E+18;;5;0;;;
Mon Aug 12 19:21:20 +0000 2024;1,82E+18;;38;13;;;
Mon Aug 12 19:21:19 +0000 2024;1,82E+18;;1;0;;;
Mon Aug 12 19:21:14 +0000 2024;1,82E+18;;1;0;;;
Mon Aug 12 19:21:08 +0000 2024;1,82E+18;;1;0;;;
Mon Aug 12 19:21:05 +0000 2024;1,82E+18;;0;0;;;
Mon Aug 12 19:21:05 +0000 2024;1,82E+18;;0;0;;;
Mon Aug 12 19:20:46 +0000 2024;1,82E+18;;0;0;;;
Mon Aug 12 19:20:45 +0000 2024;1,82E+18;;1;1;;;
Mon Aug 12 19:20:44 +0000 2024;1,82E+18;;1;0;;;
Mon Aug 12 19:20:33 +0000 2024;1,82E+18;;3;0;;;
Mon Aug 12 19:20:26 +0000 2024;1,82E+18;;0;0;;;
Mon Aug 12 19:20:25 +0000 2024;1,82E+18;;1;0;;;
Mon Aug 12 19:20:23 +0000 2024;1,82E+18;;8;3;;;
Mon Aug 12 19:20:19 +0000 2024;1,82E+18;;1;0;;;
Mon Aug 12 19:20:12 +0000 2024;1,82E+18;;2;1;;;
Mon Aug 12 19:19:59 +0000 2024;1,82E+18;;3;1;;;
Mon Aug 12 19:19:57 +0000 2024;1,82E+18;;5;6;;;
Mon Aug 12 19:19:43 +0000 2024;1,82E+18;;0;0;;;
Mon Aug 12 19:19:06 +0000 2024;1,82E+18;;12;4;;;
Mon Aug 12 19:18:34 +0000 2024;1,82E+18;;1;2;;;
Mon Aug 12 19:18:32 +0000 2024;1,82E+18;;0;0;;;
Mon Aug 12 19:18:31 +0000 2024;1,82E+18;;6;1;;;
Mon Aug 12 19:18:28 +0000 2024;1,82E+18;;2;0;;;
Mon Aug 12 19:18:28 +0000 2024;1,82E+18;;0;0;;;
Mon Aug 12 19:18:27 +0000 2024;1,82E+18;;9;1;;;
Mon Aug 12 19:18:20 +0000 2024;1,82E+18;;2;0;;;
Mon Aug 12 19:18:19 +0000 2024;1,82E+18;;1;0;;;
Mon Aug 12 19:18:19 +0000 2024;1,82E+18;;4;1;;;
Mon Aug 12 19:18:09 +0000 2024;1,82E+18;;111;19;;;
Mon Aug 12 19:18:09 +0000 2024;1,82E+18;;1;0;;;
Mon Aug 12 19:18:07 +0000 2024;1,82E+18;;0;0;;;
Mon Aug 12 19:18:06 +0000 2024;1,82E+18;;0;0;;;
Mon Aug 12 19:18:04 +0000 2024;1,82E+18;;0;1;;;
Mon Aug 12 19:18:03 +0000 2024;1,82E+18;;1;0;;;
Mon Aug 12 19:18:02 +0000 2024;1,82E+18;;1;1;;;
Mon Aug 12 19:17:58 +0000 2024;1,82E+18;;1;0;;;
Mon Aug 12 19:17:56 +0000 2024;1,82E+18;;1;0;;;
Mon Aug 12 19:17:53 +0000 2024;1,82E+18;;1;0;;;
Mon Aug 12 19:17:47 +0000 2024;1,82E+18;;0;0;;;
Mon Aug 12 19:17:45 +0000 2024;1,82E+18;;0;0;;;
Mon Aug 12 19:17:39 +0000 2024;1,82E+18;;51;46;;;
Mon Aug 12 19:17:36 +0000 2024;1,82E+18;;1;0;;;
Mon Aug 12 19:17:26 +0000 2024;1,82E+18;;1;0;;;
Mon Aug 12 19:17:23 +0000 2024;1,82E+18;;497;190;;;
Mon Aug 12 19:17:02 +0000 2024;1,82E+18;;0;0;;;
Mon Aug 12 19:16:35 +0000 2024;1,82E+18;;0;0;;;
Mon Aug 12 19:16:27 +0000 2024;1,82E+18;;1;0;;;
Mon Aug 12 19:16:24 +0000 2024;1,82E+18;;0;0;;;
Mon Aug 12 19:16:22 +0000 2024;1,82E+18;;6;4;;;
Mon Aug 12 19:16:17 +0000 2024;1,82E+18;;1;0;;;
Mon Aug 12 19:16:15 +0000 2024;1,82E+18;;6;6;;;
Mon Aug 12 19:16:03 +0000 2024;1,82E+18;;13;3;;;
Mon Aug 12 19:16:01 +0000 2024;1,82E+18;;0;0;;;
Mon Aug 12 19:15:54 +0000 2024;1,82E+18;;0;0;;;
Mon Aug 12 19:15:51 +0000 2024;1,82E+18;;0;0;;;
Mon Aug 12 19:15:43 +0000 2024;1,82E+18;;13;6;;;
Mon Aug 12 19:15:41 +0000 2024;1,82E+18;;1;0;;;
Mon Aug 12 19:15:39 +0000 2024;1,82E+18;;0;0;;;
Mon Aug 12 19:15:35 +0000 2024;1,82E+18;;0;0;;;
Mon Aug 12 19:15:33 +0000 2024;1,82E+18;;30;113;;;
Mon Aug 12 19:15:29 +0000 2024;1,82E+18;;2;1;;;
Mon Aug 12 19:15:29 +0000 2024;1,82E+18;;1;0;;;
Mon Aug 12 19:15:11 +0000 2024;1,82E+18;;0;0;;;
Mon Aug 12 19:15:03 +0000 2024;1,82E+18;;7;0;;;
Mon Aug 12 19:15:02 +0000 2024;1,82E+18;;5;2;;;
Mon Aug 12 19:14:54 +0000 2024;1,82E+18;;1;0;;;
Mon Aug 12 19:14:48 +0000 2024;1,82E+18;;0;0;;;
Mon Aug 12 19:14:47 +0000 2024;1,82E+18;;9;4;;;
Mon Aug 12 19:14:37 +0000 2024;1,82E+18;;0;0;;;
Mon Aug 12 19:14:33 +0000 2024;1,82E+18;;2;0;;;
Mon Aug 12 19:14:31 +0000 2024;1,82E+18;;1;0;;;
Mon Aug 12 19:14:20 +0000 2024;1,82E+18;;2;1;;;
Mon Aug 12 19:14:16 +0000 2024;1,82E+18;;0;0;;;
Mon Aug 12 19:14:08 +0000 2024;1,82E+18;;5;0;;;
Mon Aug 12 19:14:06 +0000 2024;1,82E+18;;0;2;;;
Mon Aug 12 19:13:43 +0000 2024;1,82E+18;;3;0;;;
Mon Aug 12 19:13:21 +0000 2024;1,82E+18;;131;39;;;
Mon Aug 12 19:13:03 +0000 2024;1,82E+18;;1;1;;;
Mon Aug 12 19:12:47 +0000 2024;1,82E+18;;24;8;;;
Mon Aug 12 19:12:46 +0000 2024;1,82E+18;;1;0;;;
Mon Aug 12 19:12:39 +0000 2024;1,82E+18;;1;1;;;
Mon Aug 12 19:12:39 +0000 2024;1,82E+18;;1;0;;;
Mon Aug 12 19:12:23 +0000 2024;1,82E+18;;1;0;;;
Mon Aug 12 19:12:22 +0000 2024;1,82E+18;;1;0;;;
Mon Aug 12 19:12:07 +0000 2024;1,82E+18;;1;0;;;
Mon Aug 12 19:12:03 +0000 2024;1,82E+18;;0;0;;;
Mon Aug 12 19:12:02 +0000 2024;1,82E+18;;2;3;;;
Mon Aug 12 19:12:01 +0000 2024;1,82E+18;;159;35;;;
Mon Aug 12 19:11:54 +0000 2024;1,82E+18;;0;0;;;
Mon Aug 12 19:11:18 +0000 2024;1,82E+18;;0;0;;;
Mon Aug 12 19:11:17 +0000 2024;1,82E+18;;1;0;;;
Mon Aug 12 19:11:16 +0000 2024;1,82E+18;;28;3;;;
Mon Aug 12 19:11:13 +0000 2024;1,82E+18;;4;0;;;
Mon Aug 12 19:11:13 +0000 2024;1,82E+18;;0;0;;;
Mon Aug 12 19:11:11 +0000 2024;1,82E+18;;0;0;;;
Mon Aug 12 19:11:01 +0000 2024;1,82E+18;;2;0;;;
Mon Aug 12 19:11:00 +0000 2024;1,82E+18;;1;0;;;
Mon Aug 12 19:10:57 +0000 2024;1,82E+18;;0;0;;;
Mon Aug 12 19:10:53 +0000 2024;1,82E+18;;88;55;;;
Mon Aug 12 19:10:52 +0000 2024;1,82E+18;;0;0;;;
Mon Aug 12 19:10:48 +0000 2024;1,82E+18;;1;0;;;
Mon Aug 12 19:10:43 +0000 2024;1,82E+18;;0;0;;;
Mon Aug 12 19:10:39 +0000 2024;1,82E+18;;1;0;;;
Mon Aug 12 19:10:37 +0000 2024;1,82E+18;;0;0;;;
Mon Aug 12 19:10:22 +0000 2024;1,82E+18;;5;0;;;
Mon Aug 12 19:10:08 +0000 2024;1,82E+18;;1;1;;;
Mon Aug 12 19:10:04 +0000 2024;1,82E+18;;1;0;;;
Mon Aug 12 19:09:59 +0000 2024;1,82E+18;;2;0;;;
Mon Aug 12 19:09:55 +0000 2024;1,82E+18;;0;0;;;
Mon Aug 12 19:09:50 +0000 2024;1,82E+18;;0;0;;;
Mon Aug 12 19:09:46 +0000 2024;1,82E+18;;1;0;;;
Mon Aug 12 19:09:46 +0000 2024;1,82E+18;;2;0;;;
Mon Aug 12 19:09:34 +0000 2024;1,82E+18;;2;0;;;
Mon Aug 12 19:09:33 +0000 2024;1,82E+18;;2;0;;;
Mon Aug 12 19:09:22 +0000 2024;1,82E+18;;14;5;;;
Mon Aug 12 19:09:10 +0000 2024;1,82E+18;;1;1;;;
Mon Aug 12 19:09:10 +0000 2024;1,82E+18;;0;0;;;
Mon Aug 12 19:09:08 +0000 2024;1,82E+18;;0;0;;;
Mon Aug 12 19:09:08 +0000 2024;1,82E+18;;0;1;;;
Mon Aug 12 19:09:00 +0000 2024;1,82E+18;;0;0;;;
Mon Aug 12 19:08:58 +0000 2024;1,82E+18;;5;0;;;
Mon Aug 12 19:08:54 +0000 2024;1,82E+18;;1;0;;;
Mon Aug 12 19:08:52 +0000 2024;1,82E+18;;0;0;;;
Mon Aug 12 19:08:46 +0000 2024;1,82E+18;;0;0;;;
Mon Aug 12 19:08:44 +0000 2024;1,82E+18;;4;0;;;
Mon Aug 12 19:08:44 +0000 2024;1,82E+18;;0;0;;;
Mon Aug 12 19:08:35 +0000 2024;1,82E+18;;1;0;;;
Mon Aug 12 19:08:34 +0000 2024;1,82E+18;;10;4;;;
Mon Aug 12 19:08:33 +0000 2024;1,82E+18;;0;0;;;
Mon Aug 12 19:08:29 +0000 2024;1,82E+18;;15;5;;;
Mon Aug 12 19:08:16 +0000 2024;1,82E+18;;0;0;;;
Mon Aug 12 19:08:07 +0000 2024;1,82E+18;;7;1;;;
Mon Aug 12 19:08:06 +0000 2024;1,82E+18;;432;134;;;
Mon Aug 12 19:07:58 +0000 2024;1,82E+18;;0;0;;;
Mon Aug 12 19:07:43 +0000 2024;1,82E+18;;0;0;;;
Mon Aug 12 19:07:42 +0000 2024;1,82E+18;;0;0;;;
Mon Aug 12 19:07:37 +0000 2024;1,82E+18;;8;1;;;
Mon Aug 12 19:07:36 +0000 2024;1,82E+18;;0;0;;;
Mon Aug 12 19:07:35 +0000 2024;1,82E+18;;5;1;;;
Mon Aug 12 19:07:32 +0000 2024;1,82E+18;;2;0;;;
Mon Aug 12 19:07:27 +0000 2024;1,82E+18;;4;0;;;
Mon Aug 12 19:07:23 +0000 2024;1,82E+18;;3;1;;;
Mon Aug 12 19:07:19 +0000 2024;1,82E+18;;0;0;;;
Mon Aug 12 19:07:12 +0000 2024;1,82E+18;;4;2;;;
Mon Aug 12 19:07:10 +0000 2024;1,82E+18;;0;0;;;
Mon Aug 12 19:07:09 +0000 2024;1,82E+18;;1;0;;;
Mon Aug 12 19:07:06 +0000 2024;1,82E+18;;0;0;;;
Mon Aug 12 19:06:58 +0000 2024;1,82E+18;;8;3;;;
Mon Aug 12 19:06:53 +0000 2024;1,82E+18;;0;0;;;
Mon Aug 12 19:06:43 +0000 2024;1,82E+18;;0;0;;;
Mon Aug 12 19:06:39 +0000 2024;1,82E+18;;10;3;;;
Mon Aug 12 19:06:37 +0000 2024;1,82E+18;;4;1;;;
Mon Aug 12 19:06:37 +0000 2024;1,82E+18;;0;0;;;
Mon Aug 12 19:06:35 +0000 2024;1,82E+18;;1;0;;;
Mon Aug 12 19:06:27 +0000 2024;1,82E+18;;32;1;;;
Mon Aug 12 19:06:24 +0000 2024;1,82E+18;;2;1;;;
Mon Aug 12 19:06:14 +0000 2024;1,82E+18;;0;0;;;
Mon Aug 12 19:06:14 +0000 2024;1,82E+18;;2;0;;;
Mon Aug 12 19:06:12 +0000 2024;1,82E+18;;6;1;;;
Mon Aug 12 19:06:11 +0000 2024;1,82E+18;;0;0;;;
Mon Aug 12 19:06:10 +0000 2024;1,82E+18;;0;0;;;
Mon Aug 12 19:06:10 +0000 2024;1,82E+18;;7;1;;;
Mon Aug 12 19:06:03 +0000 2024;1,82E+18;;0;0;;;
Mon Aug 12 19:06:02 +0000 2024;1,82E+18;;8;0;;;
Mon Aug 12 19:06:02 +0000 2024;1,82E+18;;0;0;;;
Mon Aug 12 19:06:02 +0000 2024;1,82E+18;;2;0;;;
Mon Aug 12 19:05:50 +0000 2024;1,82E+18;;0;0;;;
Mon Aug 12 19:05:48 +0000 2024;1,82E+18;;1;0;;;
Mon Aug 12 19:05:48 +0000 2024;1,82E+18;;10;0;;;
Mon Aug 12 19:05:44 +0000 2024;1,82E+18;;0;0;;;
Mon Aug 12 19:05:43 +0000 2024;1,82E+18;;0;0;;;
Mon Aug 12 19:05:35 +0000 2024;1,82E+18;;0;0;;;
Mon Aug 12 19:05:32 +0000 2024;1,82E+18;;12;5;;;
Mon Aug 12 19:05:31 +0000 2024;1,82E+18;;1;0;;;
Mon Aug 12 19:05:31 +0000 2024;1,82E+18;;0;0;;;
Mon Aug 12 19:05:31 +0000 2024;1,82E+18;;1;0;;;
Mon Aug 12 19:05:30 +0000 2024;1,82E+18;;3;0;;;
Mon Aug 12 19:05:26 +0000 2024;1,82E+18;;5;0;;;
Mon Aug 12 19:05:26 +0000 2024;1,82E+18;;2;1;;;
Mon Aug 12 19:05:25 +0000 2024;1,82E+18;;0;0;;;
Mon Aug 12 19:05:07 +0000 2024;1,82E+18;;8;2;;;
Mon Aug 12 19:05:06 +0000 2024;1,82E+18;;0;0;;;
Mon Aug 12 19:05:04 +0000 2024;1,82E+18;;3;0;;;
Mon Aug 12 19:05:03 +0000 2024;1,82E+18;;5;0;;;
Mon Aug 12 19:05:03 +0000 2024;1,82E+18;;0;0;;;
Mon Aug 12 19:04:57 +0000 2024;1,82E+18;;0;0;;;
Mon Aug 12 19:04:56 +0000 2024;1,82E+18;;17;3;;;
Mon Aug 12 19:04:49 +0000 2024;1,82E+18;;0;0;;;
