parameter,value,is_baseline,branch_stats,n_gold,ner_strict_acc,ner_operational_acc,n_geocoded,geocoding_op_acc,mean_error_km,median_error_km
BASELINE,,True,"{""single_toponym"": 678, ""memory_size_empty"": 13, ""fallback_used"": 171, ""memory_size_nonempty"": 1087, ""multi_toponym"": 374, ""no_toponyms"": 48}",147,0.5374,0.898,115,0.7347,20.567,0.279
DISAMBIGUATION_THRESHOLD_KM,20.0,False,"{""single_toponym"": 678, ""memory_size_empty"": 13, ""fallback_used"": 205, ""memory_size_nonempty"": 1087, ""multi_toponym"": 374, ""no_toponyms"": 48}",147,0.5374,0.898,115,0.7347,20.541,0.279
DISAMBIGUATION_THRESHOLD_KM,30.0,False,"{""single_toponym"": 678, ""memory_size_empty"": 13, ""fallback_used"": 188, ""memory_size_nonempty"": 1087, ""multi_toponym"": 374, ""no_toponyms"": 48}",147,0.5374,0.898,115,0.7347,20.567,0.279
DISAMBIGUATION_THRESHOLD_KM,40.0,True,"{""single_toponym"": 678, ""memory_size_empty"": 13, ""fallback_used"": 171, ""memory_size_nonempty"": 1087, ""multi_toponym"": 374, ""no_toponyms"": 48}",147,0.5374,0.898,115,0.7347,20.567,0.279
DISAMBIGUATION_THRESHOLD_KM,50.0,False,"{""single_toponym"": 678, ""memory_size_empty"": 13, ""fallback_used"": 167, ""memory_size_nonempty"": 1087, ""multi_toponym"": 374, ""no_toponyms"": 48}",147,0.5374,0.898,115,0.7347,20.567,0.279
DISAMBIGUATION_THRESHOLD_KM,60.0,False,"{""single_toponym"": 678, ""memory_size_empty"": 13, ""fallback_used"": 161, ""memory_size_nonempty"": 1087, ""multi_toponym"": 374, ""no_toponyms"": 48}",147,0.5374,0.898,115,0.7347,20.567,0.279
DISAMBIGUATION_THRESHOLD_KM,80.0,False,"{""single_toponym"": 678, ""memory_size_empty"": 13, ""fallback_used"": 155, ""memory_size_nonempty"": 1087, ""multi_toponym"": 374, ""no_toponyms"": 48}",147,0.5374,0.898,115,0.7347,20.567,0.279
STRICT_THRESHOLD_KM,5.0,False,"{""single_toponym"": 678, ""memory_size_empty"": 13, ""fallback_used"": 186, ""memory_size_nonempty"": 1087, ""multi_toponym"": 374, ""no_toponyms"": 48}",147,0.5374,0.898,115,0.7347,20.584,0.283
STRICT_THRESHOLD_KM,10.0,False,"{""single_toponym"": 678, ""memory_size_empty"": 13, ""fallback_used"": 179, ""memory_size_nonempty"": 1087, ""multi_toponym"": 374, ""no_toponyms"": 48}",147,0.5374,0.898,115,0.7347,20.567,0.279
STRICT_THRESHOLD_KM,15.0,False,"{""single_toponym"": 678, ""memory_size_empty"": 13, ""fallback_used"": 173, ""memory_size_nonempty"": 1087, ""multi_toponym"": 374, ""no_toponyms"": 48}",147,0.5374,0.898,115,0.7347,20.567,0.279
STRICT_THRESHOLD_KM,20.0,True,"{""single_toponym"": 678, ""memory_size_empty"": 13, ""fallback_used"": 171, ""memory_size_nonempty"": 1087, ""multi_toponym"": 374, ""no_toponyms"": 48}",147,0.5374,0.898,115,0.7347,20.567,0.279
STRICT_THRESHOLD_KM,30.0,False,"{""single_toponym"": 678, ""memory_size_empty"": 13, ""fallback_used"": 167, ""memory_size_nonempty"": 1087, ""multi_toponym"": 374, ""no_toponyms"": 48}",147,0.5374,0.898,115,0.7347,20.567,0.279
STRICT_THRESHOLD_KM,40.0,False,"{""single_toponym"": 678, ""memory_size_empty"": 13, ""fallback_used"": 164, ""memory_size_nonempty"": 1087, ""multi_toponym"": 374, ""no_toponyms"": 48}",147,0.5374,0.898,115,0.7347,20.567,0.279
TIME_WINDOW_HOURS,1.0,False,"{""single_toponym"": 678, ""memory_size_empty"": 31, ""fallback_used"": 231, ""memory_size_nonempty"": 1069, ""multi_toponym"": 374, ""no_toponyms"": 48}",147,0.5374,0.898,114,0.7279,20.604,0.247
TIME_WINDOW_HOURS,2.0,False,"{""single_toponym"": 678, ""memory_size_empty"": 21, ""fallback_used"": 202, ""memory_size_nonempty"": 1079, ""multi_toponym"": 374, ""no_toponyms"": 48}",147,0.5374,0.898,115,0.7347,20.532,0.279
TIME_WINDOW_HOURS,3.0,False,"{""single_toponym"": 678, ""memory_size_empty"": 18, ""fallback_used"": 181, ""memory_size_nonempty"": 1082, ""multi_toponym"": 374, ""no_toponyms"": 48}",147,0.5374,0.898,115,0.7347,20.512,0.268
TIME_WINDOW_HOURS,5.0,True,"{""single_toponym"": 678, ""memory_size_empty"": 13, ""fallback_used"": 171, ""memory_size_nonempty"": 1087, ""multi_toponym"": 374, ""no_toponyms"": 48}",147,0.5374,0.898,115,0.7347,20.567,0.279
TIME_WINDOW_HOURS,8.0,False,"{""single_toponym"": 678, ""memory_size_empty"": 8, ""fallback_used"": 164, ""memory_size_nonempty"": 1092, ""multi_toponym"": 374, ""no_toponyms"": 48}",147,0.5374,0.898,115,0.7347,20.567,0.279
TIME_WINDOW_HOURS,12.0,False,"{""single_toponym"": 678, ""memory_size_empty"": 7, ""fallback_used"": 158, ""memory_size_nonempty"": 1093, ""multi_toponym"": 374, ""no_toponyms"": 48}",147,0.5374,0.898,115,0.7347,20.567,0.279
TIME_WINDOW_HOURS,24.0,False,"{""single_toponym"": 678, ""memory_size_empty"": 2, ""fallback_used"": 151, ""memory_size_nonempty"": 1098, ""multi_toponym"": 374, ""no_toponyms"": 48}",147,0.5374,0.898,115,0.7347,20.567,0.279
FUZZY_MATCH_THRESHOLD,0.7,False,"{""single_toponym"": 678, ""memory_size_empty"": 13, ""fallback_used"": 169, ""memory_size_nonempty"": 1087, ""multi_toponym"": 374, ""no_toponyms"": 48}",147,0.5374,0.898,115,0.7143,22.825,0.28
FUZZY_MATCH_THRESHOLD,0.75,False,"{""single_toponym"": 678, ""memory_size_empty"": 13, ""fallback_used"": 171, ""memory_size_nonempty"": 1087, ""multi_toponym"": 374, ""no_toponyms"": 48}",147,0.5374,0.898,115,0.7279,22.378,0.279
FUZZY_MATCH_THRESHOLD,0.8,True,"{""single_toponym"": 678, ""memory_size_empty"": 13, ""fallback_used"": 171, ""memory_size_nonempty"": 1087, ""multi_toponym"": 374, ""no_toponyms"": 48}",147,0.5374,0.898,115,0.7347,20.567,0.279
FUZZY_MATCH_THRESHOLD,0.85,False,"{""single_toponym"": 678, ""memory_size_empty"": 13, ""fallback_used"": 171, ""memory_size_nonempty"": 1087, ""multi_toponym"": 374, ""no_toponyms"": 48}",147,0.5374,0.898,115,0.7347,20.567,0.279
FUZZY_MATCH_THRESHOLD,0.9,False,"{""single_toponym"": 678, ""memory_size_empty"": 13, ""fallback_used"": 171, ""memory_size_nonempty"": 1087, ""multi_toponym"": 374, ""no_toponyms"": 48}",147,0.5374,0.898,114,0.7279,20.744,0.274
FUZZY_MATCH_THRESHOLD,0.95,False,"{""single_toponym"": 678, ""memory_size_empty"": 13, ""fallback_used"": 178, ""memory_size_nonempty"": 1087, ""multi_toponym"": 374, ""no_toponyms"": 48}",147,0.5374,0.898,110,0.7007,21.174,0.229
